time,x,y

0,0,0
0,0,0
0.01,0.3993693638340111,0.1453585609134092
0.02,0.7957813585884346,0.2893453463352029
0.03,1.1892796213073333,0.4319677158885186
0.04,1.5799068279603203,0.5732329204890438
0.05,1.9677047215100034,0.7131481040316443
0.060000000000000005,2.3527141389607946,0.8517203050404485
0.07,2.7349750374331783,0.9889564582832855
0.08,3.114526519305321,1.1248633963513492
0.09,3.491406856461816,1.2594478512049339
0.09999999999999999,3.8656535136873886,1.3927164556860632
0.10999999999999999,4.237303171241529,1.5246757449988098
0.11999999999999998,4.606391746648268,1.6553321581580815
0.12999999999999998,4.972954415733648,1.7846920394076247
0.13999999999999999,5.337025632941879,1.9127616396079765
0.15,5.698639150959691,2.0395471175950766
0.16,6.0578280396769895,2.1650545415102274
0.17,6.414624704510596,2.2892898901020717
0.18000000000000002,6.76906090411661,2.4122590540012423
0.19000000000000003,7.121167767515725,2.5339678369683125
0.20000000000000004,7.470975810654732,2.654421957115666
0.21000000000000005,7.818514952426351,2.773627048103881
0.22000000000000006,8.163814530168535,2.8915886603132144
0.23000000000000007,8.506903314663445,3.0083122619907425
0.24000000000000007,8.847809524655354,3.1238032403737193
0.25000000000000006,9.186560840905914,3.2380669027896762
0.26000000000000006,9.52318441980438,3.3511084777337885
0.2700000000000001,9.857706906549598,3.4629331159240118
0.2800000000000001,10.190154447919857,3.5735458913344793
0.2900000000000001,10.520552704645986,3.682951802207641
0.3000000000000001,10.848926863402404,3.791155772045604
0.3100000000000001,11.17530164843021,3.898162650581134
0.3200000000000001,11.499701332805792,4.003977214728749
0.3300000000000001,11.822149749367865,4.108604169516343
0.34000000000000014,12.142670301315306,4.212048148997747
0.35000000000000014,12.461285972487605,4.314313717146641
0.36000000000000015,12.778019337339313,4.4154053687322055
0.37000000000000016,13.092892570619329,4.515327530176901
0.38000000000000017,13.405927456765491,4.614084560396743
0.3900000000000002,13.71714539902444,4.711680751624449
0.4000000000000002,14.026567428306366,4.808120330215794
0.4100000000000002,14.33421421178384,4.903407457439533
0.4200000000000002,14.640106061243554,4.997546230251224
0.4300000000000002,14.944262941199467,5.090540682051273
0.4400000000000002,15.246704476775477,5.182394783427522
0.45000000000000023,15.547449961365453,5.273112442882695
0.46000000000000024,15.846518364078133,5.362697507546992
0.47000000000000025,16.1439283369741,5.451153763876137
0.48000000000000026,16.439698222101782,5.538484938335165
0.49000000000000027,16.733846058339136,5.62469469806821
0.5000000000000002,17.026389588047415,5.709786651554592
0.5100000000000002,17.317346263543218,5.793764349251444
0.5200000000000002,17.606733253394708,5.876631284223152
0.5300000000000002,17.894567448547733,5.9583908927578495
0.5400000000000003,18.180865468287333,6.039046554971213
0.5500000000000003,18.465643666039913,6.118601595397802
0.5600000000000003,18.748918135021174,6.197059283570168
0.5700000000000003,19.0307047137347,6.274422834585956
0.5800000000000003,19.31101899132591,6.350695409663236
0.5900000000000003,19.58987631279594,6.42588011668425
0.6000000000000003,19.867291784079814,6.499980010727812
0.6100000000000003,20.14328027699313,6.572998094590545
0.6200000000000003,20.41785643405134,6.64493731929716
0.6300000000000003,20.69103467316553,6.715800584599968
0.6400000000000003,20.96282919221848,6.785590739467819
0.6500000000000004,21.23325397352467,6.854310582564639
0.6600000000000004,21.502322788177736,6.921962862717754
0.6700000000000004,21.770049200288764,6.9885502793761685
0.6800000000000004,22.036446571118706,7.0540754830589725
0.6900000000000004,22.301528063108087,7.118541075794035
0.7000000000000004,22.565306643807034,7.1819496115471475
0.7100000000000004,22.827795089708587,7.24430359664178
0.7200000000000004,23.089005989988134,7.3056054901695875
0.7300000000000004,23.348951750151716,7.3658577043918285
0.7400000000000004,23.60764459559586,7.425062605131831
0.7500000000000004,23.8650965750815,7.483222512158651
0.7600000000000005,24.121319564124448,7.5403396995620575
0.7700000000000005,24.376325268304875,7.596416396118977
0.7800000000000005,24.630125226498006,7.651454785651531
0.7900000000000005,24.88273081402838,7.705457007376781
0.8000000000000005,25.13415324574977,7.758425156248323
0.8100000000000005,25.38440357905287,7.810361283289827
0.8200000000000005,25.633492716802795,7.861267395920657
0.8300000000000005,25.881431410208336,7.911145458273674
0.8400000000000005,26.12823026162484,7.959997391505336
0.8500000000000005,26.373899727292613,8.007825074098195
0.8600000000000005,26.61845012001256,8.0546303421559
0.8700000000000006,26.861891611760814,8.100414989690815
0.8800000000000006,27.104234236243997,8.145180768904329
0.8900000000000006,27.345487891396743,8.188929390459965
0.9000000000000006,27.585662341823035,8.231662523749394
0.9100000000000006,27.824767221182857,8.273381797151409
0.9200000000000006,28.062812034525653,8.31408879828398
0.9300000000000006,28.299806160571972,8.353785074249457
0.9400000000000006,28.535758853944706,8.392472131873006
0.9500000000000006,28.770679247351243,8.430151437934358
0.9600000000000006,29.004576353717816,8.466824419392943
0.9700000000000006,29.237459068277314,8.502492463606497
0.9800000000000006,29.46933617061177,8.537156918543198
0.9900000000000007,29.70021632665067,8.570819092987405
1.0000000000000007,29.930108090626284,8.60348025673908
1.0100000000000007,30.159019906987066,8.635141640806939
1.0200000000000007,30.386960112270234,8.665804437595416
1.0300000000000007,30.613936936934557,8.695469801085467
1.0400000000000007,30.839958507154364,8.724138847009327
1.0500000000000007,31.065032846575754,8.751812653019213
1.0600000000000007,31.289167878035972,8.778492258850083
1.0700000000000007,31.51237142524684,8.804178666476467
1.0800000000000007,31.734651214443197,8.828872840263443
1.0900000000000007,31.956014875997152,8.852575707111782
1.1000000000000008,32.17646994599906,8.875288156597339
1.1100000000000008,32.396023867806,8.897011041104715
1.1200000000000008,32.61468399355857,8.917745175955233
1.1300000000000008,32.83245758566677,8.937491339529275
1.1400000000000008,33.049351818265734,8.956250273383024
1.1500000000000008,33.265373778642015,8.974022682359626
1.1600000000000008,33.480530468631194,8.990809234694844
1.1700000000000008,33.694828805987434,9.006610562117194
1.1800000000000008,33.90827562572569,9.021427259942634
1.1900000000000008,34.12087768143726,9.035259887163816
1.2000000000000008,34.33264164657918,9.048108966533926
1.2100000000000009,34.54357411573829,9.059974984645152
1.2200000000000009,34.75368160587037,9.070858392001796
1.2300000000000009,34.96297055751507,9.080759603088062
1.2400000000000009,35.17144733598711,9.08967899643052
1.2500000000000009,35.37911823254434,9.0976169146553
1.260000000000001,35.58598946553326,9.104573664539997
1.270000000000001,35.79206718151236,9.11054951706034
1.280000000000001,35.99735745635398,9.11554470743161
1.290000000000001,36.20186629632507,9.11955943514483
1.300000000000001,36.40559963914732,9.12259386399775
1.310000000000001,36.60856335503721,9.124648122120625
1.320000000000001,36.810763247726406,9.125722301996795
1.330000000000001,37.01220505546285,9.125816460478076
1.340000000000001,37.212894451993186,9.124930618794966
1.350000000000001,37.41283704752673,9.12306476256168
1.360000000000001,37.612038389681494,9.120218841775994
1.370000000000001,37.8105039644127,9.116392770813922
1.380000000000001,38.008239196924094,9.111586428419207
1.390000000000001,38.205249452562455,9.105799657687633
1.400000000000001,38.40154003769576,9.099032266046155
1.410000000000001,38.5971162005752,9.09128402522683
1.420000000000001,38.79198313218157,9.082554671235552
1.430000000000001,38.98614596705625,9.07284390431558
1.440000000000001,39.179609784117176,9.062151388905837
1.450000000000001,39.372379607460104,9.050476753593998
1.460000000000001,39.564460407145496,9.037819591064304
1.470000000000001,39.75585709997131,9.024179458040138
1.480000000000001,39.94657455023202,9.009555875221306
1.490000000000001,40.13661757046418,8.993948327216028
1.500000000000001,40.32599092217875,8.97735626246761
1.5100000000000011,40.514699316580526,8.95977909317577
1.5200000000000011,40.70274741527495,8.941216195212602
1.5300000000000011,40.8901398309625,8.921666908033153
1.5400000000000011,41.07688112812097,8.90113053458057
1.5500000000000012,41.262975823675916,8.879606341185815
1.5600000000000012,41.44842838765946,8.857093557461885
1.5700000000000012,41.63324324385771,8.83359137619254
1.5800000000000012,41.817424770447055,8.809098953215466
1.5900000000000012,42.00097730061952,8.78361540729987
1.6000000000000012,42.18390512319747,8.757139820018452
1.6100000000000012,42.366212483237824,8.729671235613713
1.6200000000000012,42.547903582626,8.701208660858569
1.6300000000000012,42.72898258065983,8.671751064911213
1.6400000000000012,42.90945359462362,8.641297379164191
1.6500000000000012,43.08932070035257,8.609846497087645
1.6600000000000013,43.26858793278774,8.577397274066655
1.6700000000000013,43.44725928652173,8.543948527232658
1.6800000000000013,43.62533871633532,8.509499035288862
1.6900000000000013,43.802830137725216,8.474047538329627
1.7000000000000013,43.97973742742301,8.437592737653727
1.7100000000000013,44.15606442390566,8.400133295571461
1.7200000000000013,44.33181492789757,8.361667835205525
1.7300000000000013,44.50699270286443,8.32219494028561
1.7400000000000013,44.68160147549904,8.28171315493663
1.7500000000000013,44.855644936199226,8.240220983460532
1.7600000000000013,45.029126739537965,8.197716890111614
1.7700000000000014,45.202050504726,8.15419929886528
1.7800000000000014,45.37441981606696,8.10966659318013
1.7900000000000014,45.54623822340515,8.064117115753362
1.8000000000000014,45.71750924256624,8.017549168269353
1.8100000000000014,45.88823635579088,7.9699610111413595
1.8200000000000014,46.05842301216146,7.921350863246256
1.8300000000000014,46.22807262802208,7.871716901652218
1.8400000000000014,46.3971885873919,7.821057261339253
1.8500000000000014,46.565774242371965,7.7693700349125
1.8600000000000014,46.73383291354568,7.71665327230819
1.8700000000000014,46.90136789037302,7.662904980492177
1.8800000000000014,47.06838243157851,7.608123123150934
1.8900000000000015,47.23487976553333,7.552305620374907
1.9000000000000015,47.400863090631304,7.495450348334129
1.9100000000000015,47.566335575659274,7.437555138945974
1.9200000000000015,47.73130036016162,7.378617779534948
1.9300000000000015,47.89576055479926,7.318636012484381
1.9400000000000015,48.05971924170313,7.257607534879928
1.9500000000000015,48.22317947482228,7.195529998144732
1.9600000000000015,48.38614428026667,7.132401007666135
1.9700000000000015,48.548616656644754,7.0682181224138025
1.9800000000000015,48.71059957539598,7.002978854549132
1.9900000000000015,48.87209598111828,6.936680669025797
2.0000000000000013,49.0331087918906,6.86932098318131
2.010000000000001,49.19364089959063,6.800897166319423
2.020000000000001,49.35369517020781,6.731406539283257
2.0300000000000007,49.513274444151584,6.660846374018976
2.0400000000000005,49.67238153655519,6.58921389312987
2.0500000000000003,49.83101923757488,6.516506269420669
2.06,49.98919031268472,6.44272062543194
2.07,50.14689750296709,6.367854032964385
2.0799999999999996,50.30414352539891,6.291903512592871
2.0899999999999994,50.46093107313364,6.21486603317001
2.099999999999999,50.6172628157792,6.136738511319112
2.109999999999999,50.773141399671864,6.057517810916318
2.1199999999999988,50.928569448146135,5.977200742561718
2.1299999999999986,51.083549561800744,5.895784063039259
2.1399999999999983,51.23808431876081,5.813264474765244
2.149999999999998,51.39217627493623,5.7296386252252
2.159999999999998,51.54582796427636,5.644903106398914
2.1699999999999977,51.699041899021054,5.55905445417341
2.1799999999999975,51.851820569948124,5.472089147743641
2.1899999999999973,52.00416644661729,5.384003609000668
2.199999999999997,52.156081977610675,5.294794201907084
2.209999999999997,52.30756959076988,5.20445723185944
2.2199999999999966,52.45863169342973,5.112988945037421
2.2299999999999964,52.609270672648734,5.020385527739526
2.239999999999996,52.75948889543633,4.926643105704961
2.249999999999996,52.90928870897691,4.8317577434215035
2.259999999999996,53.05867244085078,4.735725443419045
2.2699999999999956,53.207642399252,4.638542145548524
2.2799999999999954,53.35620087320324,4.54020372624596
2.289999999999995,53.50435013276764,4.440705997781294
2.299999999999995,53.65209242925776,4.3400447074917095
2.3099999999999947,53.79942999544167,4.238215536999131
2.3199999999999945,53.946365045746184,4.1352141014115675
2.3299999999999943,54.09289977645736,4.031035948507969
2.339999999999994,54.23903636591822,3.925676557906248
2.349999999999994,54.38477697472382,3.8191313402141143
2.3599999999999937,54.53012374591365,3.7113956361623637
2.3699999999999934,54.67507880516144,3.6024647157202425
2.3799999999999932,54.81964426096241,3.49233377719251
2.389999999999993,54.96382220481801,3.3809979462977995
2.399999999999993,55.10761471141814,3.2684522752278826
2.4099999999999926,55.25102383882099,3.1546917416874125
2.4199999999999924,55.394051628630464,3.039711247913727
2.429999999999992,55.536700106171196,2.9235056196762685
2.439999999999992,55.67897128066132,2.806069605255175
2.4499999999999917,55.82086714538289,2.687397874398572
2.4599999999999915,55.962389677850084,2.5674850172581007
2.4699999999999913,56.103540839975174,2.4463255433021835
2.479999999999991,56.24432257823234,2.323913880206529
2.489999999999991,56.38473682381934,2.200244372721362
2.4999999999999907,56.52478549281701,2.0753112815148405
2.5099999999999905,56.66447048634677,1.9491087819921233
2.5199999999999902,56.80379369072603,1.8216309630895182
2.52999999999999,56.94275697762159,1.692871826043138
2.53999999999999,57.08136220420108,1.5628252831314693
2.5499999999999896,57.219611213282406,1.4314851563912456
2.5599999999999894,57.35750583348132,1.2988451763059914
2.569999999999989,57.49504787935707,1.1648989804665972
2.579999999999989,57.63223915155618,1.0296401122032564
2.5899999999999888,57.76908143695443,0.8930620191880807
2.5999999999999885,57.90557650879699,0.755158052007693
2.6099999999999883,58.0417261268368,0.6159214627050686
2.619999999999988,58.177532037471174,0.47534540328988334
2.629999999999988,58.31299597387671,0.33342292421659825
2.6399999999999877,58.44811965614248,0.19014697282949278
2.6499999999999875,58.582904791401546,0.045510391773831704
time,x,y

0,0,0
0,0,0
0.01,0.3993693638340111,0.1453585609134092
0.02,0.7956156074189049,0.2905965409457978
0.03,1.1887850787991006,0.43569509732287126
0.04,1.5789231312493364,0.5806359270443816
0.05,1.9660741521805434,0.7254012508895519
0.060000000000000005,2.3502815909767696,0.8699737979460579
0.07,2.7315879858108048,1.0143367906426786
0.08,3.110034989483693,1.1584739302666207
0.09,3.4856633943309987,1.3023693829473741
0.09999999999999999,3.858513156236497,1.4460077660897512
0.10999999999999999,4.228623417791909,1.589374135239529
0.11999999999999998,4.5960325306393575,1.7324539713658287
0.12999999999999998,4.960778077031374,1.8752331685450545
0.13999999999999999,5.3228968906415846,2.01769802203186
0.15,5.682425076657552,2.1598352167032253
0.16,6.039398031185708,2.3016318158623155
0.17,6.393850459996879,2.443075250389346
0.18000000000000002,6.745816396639514,2.5841533082272052
0.19000000000000003,7.095329219946417,2.7248541241900948
0.20000000000000004,7.442421670959598,2.865166170083918
0.21000000000000005,7.7871258692966325,3.005078245127608
0.22000000000000006,8.129473328980886,3.1445794666650215
0.23000000000000007,8.469494973756865,3.2836592611574273
0.24000000000000007,8.807221151910994,3.422307355447031
0.25000000000000006,9.1426816506172,3.5605137682823336
0.26000000000000006,9.475905709825751,3.6982688020964947
0.2700000000000001,9.806922035713015,3.835563035030204
0.2800000000000001,10.135758813708964,3.9723873131908976
0.2900000000000001,10.462443721118516,4.108732743140461
0.3000000000000001,10.787003939352092,4.244590684603869
0.3100000000000001,11.10946616578005,4.379952743391488
0.3200000000000001,11.42985662522509,4.514810764528039
0.3300000000000001,11.748201081105998,4.64915682558149
0.34000000000000014,12.064524846245629,4.782983230185385
0.35000000000000014,12.378852793355387,4.916282501748364
0.36000000000000015,12.691209365207984,5.049047377344842
0.37000000000000016,13.00161858450973,5.181270801781066
0.38000000000000017,13.310104063483157,5.31294592183093
0.3900000000000002,13.616689013170285,5.44406608063618
0.4000000000000002,13.921396252466447,5.5746248122658
0.4100000000000002,14.224248216894162,5.704615836429568
0.4200000000000002,14.525266967126143,5.834033053340934
0.4300000000000002,14.824474197266163,5.962870538724579
0.4400000000000002,15.121891242896156,6.091122538964123
0.45000000000000023,15.417539088897568,6.218783466385652
0.46000000000000024,15.71143837705466,6.345847894672872
0.47000000000000025,16.00360941344717,6.472310554409819
0.48000000000000026,16.294072175639414,6.598166328747233
0.49000000000000027,16.58284631967267,6.723410249188809
0.5000000000000002,16.869951186867354,6.848037491493666
0.5100000000000002,17.155405810441334,6.972043371691524
0.5200000000000002,17.439228921950377,7.095423342207163
0.5300000000000002,17.721438957556575,7.218172988090885
0.5400000000000003,18.002054064130323,7.340288023351777
0.5500000000000003,18.28109210519124,7.461764287390715
0.5600000000000003,18.5585706666932,7.582597741530119
0.5700000000000003,18.834507062658417,7.702784465637577
0.5800000000000003,19.108918340665443,7.822320654840568
0.5900000000000003,19.381821287195596,7.941202616329574
0.6000000000000003,19.653232432842344,8.059426766246984
0.6100000000000003,19.923168057387862,8.176989626659264
0.6200000000000003,20.191644194750886,8.29388782260995
0.6300000000000003,20.458676637809855,8.410118079251108
0.6400000000000003,20.72428094310515,8.525677219050964
0.6500000000000004,20.988472435424086,8.640562159075502
0.6600000000000004,21.251266212272252,8.75476990834187
0.6700000000000004,21.5126771482346,8.868297565241534
0.6800000000000004,21.77271989922959,8.981142315031155
0.6900000000000004,22.031408906659543,9.093301427389253
0.7000000000000004,22.288758401460363,9.204772254036763
0.7100000000000004,22.54478240805349,9.315552226419651
0.7200000000000004,22.799494748203003,9.425638853451836
0.7300000000000004,23.052909044780634,9.535029719316675
0.7400000000000004,23.305038725441353,9.643722481325373
0.7500000000000004,23.555897026212083,9.751714867830684
0.7600000000000005,23.805496994996073,9.859004676194356
0.7700000000000005,24.05385149499529,9.965589770806794
0.7800000000000005,24.30097320805319,10.071468081157466
0.7900000000000005,24.54687463792009,10.176637599954645
0.8000000000000005,24.79156811344332,10.281096381293091
0.8100000000000005,25.03506579168424,10.38484253886833
0.8200000000000005,25.27737966096419,10.487874244236242
0.8300000000000005,25.518521543841278,10.590189725116678
0.8400000000000005,25.758503100019947,10.691787263739911
0.8500000000000005,25.997335829195144,10.79266519523469
0.8600000000000005,26.23503107383287,10.89282190605679
0.8700000000000006,26.471600021888822,10.992255832456909
0.8800000000000006,26.707053709466795,11.09096545898684
0.8900000000000006,26.941403023418466,11.188949317042853
0.9000000000000006,27.174658703886116,11.286205983445281
0.9100000000000006,27.406831346789776,11.382734079053298
0.9200000000000006,27.63793140626031,11.47853226741394
0.9300000000000006,27.867969197019807,11.573599253444417
0.9400000000000006,28.09695489671067,11.66793378214683
0.9500000000000006,28.324898548174748,11.76153463735438
0.9600000000000006,28.55181006168379,11.854400640508233
0.9700000000000006,28.77769921712245,11.946530649464208
0.9800000000000006,29.00257566612511,12.037923557328458
0.9900000000000007,29.226448934167635,12.128578291321382
1.0000000000000007,29.44932842261523,12.218493811668992
1.0100000000000007,29.67122341072752,12.307669110520983
1.0200000000000007,29.892143057621897,12.396103210894811
1.0300000000000007,30.11209640419618,12.483795165645052
1.0400000000000007,30.331092375011607,12.57074405645737
1.0500000000000007,30.549139780137153,12.656948992866432
1.0600000000000007,30.766247316956076,12.742409111297135
1.0700000000000007,30.982423571935662,12.82712357412849
1.0800000000000007,31.197677022361056,12.911091568779595
1.0900000000000007,31.412016038034032,12.994312306817065
1.1000000000000008,31.625448882937558,13.076785023083373
1.1100000000000008,31.83798371686698,13.158508974845528
1.1200000000000008,32.04962859702861,13.239483440963548
1.1300000000000008,32.26039147960651,13.319707721078197
1.1400000000000008,32.47028022129824,13.399181134817477
1.1500000000000008,32.6793025808202,13.477903021021362
1.1600000000000008,32.88746622038346,13.555872736984302
1.1700000000000008,33.09477870714058,13.633089657715006
1.1800000000000008,33.301247514604206,13.709553175213058
1.1900000000000008,33.50688002403808,13.785262697761903
1.2000000000000008,33.71168352582106,13.860217649237772
1.2100000000000009,33.91566522078478,13.934417468434125
1.2200000000000009,34.11883222152562,14.007861608401189
1.2300000000000009,34.32119155369143,14.08054953580019
1.2400000000000009,34.522750157243706,14.152480730271884
1.2500000000000009,34.72351488769574,14.223654683819028
1.260000000000001,34.92349251732724,14.294070900202364
1.270000000000001,35.122689736375925,14.363728894349826
1.280000000000001,35.32111315420674,14.43262819177855
1.290000000000001,35.51876930045903,14.500768328029388
1.300000000000001,35.71566462617223,14.568148848113571
1.310000000000001,35.911805504890545,14.634769305971197
1.320000000000001,36.10719823374708,14.700629263941227
1.330000000000001,36.301849034527784,14.765728292242686
1.340000000000001,36.49576405471579,14.830065968466755
1.350000000000001,36.68894936851645,14.893641877079467
1.360000000000001,36.88141097786349,14.956455608934721
1.370000000000001,37.07315481340679,15.018506760797331
1.380000000000001,37.264186735482035,15.079794934875835
1.390000000000001,37.45451253506272,15.140319738364814
1.400000000000001,37.64413793469484,15.200080782996439
1.410000000000001,37.83306858941462,15.259077684601005
1.420000000000001,38.021310087649695,15.317310062676215
1.430000000000001,38.20886795210396,15.374777539964958
1.440000000000001,38.39574764062658,15.431479742041349
1.450000000000001,38.581954547065386,15.487416296904811
1.460000000000001,38.76749400210497,15.54258683458198
1.470000000000001,38.95237127408986,15.596990986736186
1.480000000000001,39.136591569833016,15.650628386284337
1.490000000000001,39.32016003540994,15.703498667020973
1.500000000000001,39.50308175693876,15.755601463249295
1.5100000000000011,39.685361761346485,15.806936409418972
1.5200000000000011,39.86700501712172,15.857503139770532
1.5300000000000011,40.04801643505418,15.90730128798615
1.5400000000000011,40.228400868961145,15.956330486846653
1.5500000000000012,40.40816311640124,16.004590367894547
1.5600000000000012,40.58730791937566,16.052080561102912
1.5700000000000012,40.765839965017186,16.098800694549983
1.5800000000000012,40.943763886267156,16.144750394099237
1.5900000000000012,41.12108426254069,16.189929283084854
1.6000000000000012,41.297805620380316,16.234336982002368
1.6100000000000012,41.47393243409827,16.277973108204336
1.6200000000000012,41.64946912640769,16.320837275600926
1.6300000000000012,41.82442006904284,16.362929094365224
1.6400000000000012,41.99878958336868,16.404248170643132
1.6500000000000012,42.1725819409799,16.44479410626771
1.6600000000000013,42.34580136428961,16.484566498477847
1.6700000000000013,42.518452027107934,16.52356493964107
1.6800000000000013,42.69053805521064,16.56178901698042
1.6900000000000013,42.86206352689803,16.599238312305218
1.7000000000000013,43.0330324735442,16.63591240174561
1.7100000000000013,43.20344888013695,16.671810855490776
1.7200000000000013,43.37331668580838,16.706933237530645
1.7300000000000013,43.54263978435646,16.741279105401045
1.7400000000000013,43.71142202475764,16.77484800993212
1.7500000000000013,43.87966721167073,16.80763949499994
1.7600000000000013,44.047379105932144,16.839653097281158
1.7700000000000014,44.214561425042724,16.87088834601063
1.7800000000000014,44.3812178436462,16.901344762741868
1.7900000000000014,44.54735199399949,16.931021861110217
1.8000000000000014,44.71296746643503,16.959919146598686
1.8100000000000014,44.878067809815114,16.98803611630628
1.8200000000000014,45.04265653197855,17.015372258718777
1.8300000000000014,45.20673710017965,17.041927053481814
1.8400000000000014,45.37031294151973,17.067699971176207
1.8500000000000014,45.53338744337119,17.092690473095416
1.8600000000000014,45.69596395379442,17.116898011025018
1.8700000000000014,45.858045781947474,17.14032202702416
1.8800000000000014,46.019636198488776,17.162961953208843
1.8900000000000015,46.18073843597289,17.184817211536984
1.9000000000000015,46.34135568923951,17.205887213595148
1.9100000000000015,46.501491115795744,17.226171360386868
1.9200000000000015,46.66114783619179,17.245669042122493
1.9300000000000015,46.82032893439017,17.264379638010425
1.9400000000000015,46.97903745812855,17.282302516049718
1.9500000000000015,47.13727641927629,17.299437032823928
1.9600000000000015,47.295048794184765,17.31578253329614
1.9700000000000015,47.45235752403165,17.331338350605094
1.9800000000000015,47.609205515159154,17.34610380586233
1.9900000000000015,47.765595639406364,17.360078207950284
2.0000000000000013,47.92153073443573,17.37326085332123
2.010000000000001,48.07701360405383,17.385651025797053
2.020000000000001,48.23204701852648,17.39724799636969
2.0300000000000007,48.38663371488823,17.408051023002262
2.0400000000000005,48.54077639724638,17.418059350430756
2.0500000000000003,48.694477737079616,17.4272722099662
2.06,48.84774037353119,17.435688819297297
2.07,49.00056691369693,17.443308382293385
2.0799999999999996,49.152959932908004,17.450130088807708
2.0899999999999994,49.30492197500855,17.456153114480916
2.099999999999999,49.45645555262821,17.461376620544694
2.109999999999999,49.607563147449774,17.4657997536255
2.1199999999999988,49.75824721047174,17.46942164554831
2.1299999999999986,49.90851016226611,17.47224141314031
2.1399999999999983,50.058354393231376,17.474258158034505
2.149999999999998,50.20778226384066,17.47547096647311
2.159999999999998,50.35679610488531,17.475878909110723
2.1699999999999977,50.505398217713726,17.475481040817176
2.1799999999999975,50.653590874465685,17.47427640048003
2.1899999999999973,50.80137631830215,17.47226401080661
2.199999999999997,50.948756763630534,17.469442878125566
2.209999999999997,51.09573439632564,17.46581199218783
2.2199999999999966,51.242311373946144,17.461370325967003
2.2299999999999964,51.38848982594683,17.456116835459
2.239999999999996,51.53427185388649,17.45005045948096
2.249999999999996,51.67965953163163,17.443170119469354
2.259999999999996,51.824654905555974,17.435474719277195
2.2699999999999956,51.96925999473586,17.426963144970312
2.2799999999999954,52.11347679114146,17.417634264622624
2.289999999999995,52.25730725982403,17.407486928110355
2.299999999999995,52.4007533390991,17.3965199669051
2.3099999999999947,52.54381694072564,17.384732193865723
2.3199999999999945,52.68649995008137,17.372122403028985
2.3299999999999943,52.828804226334064,17.358689369398864
2.339999999999994,52.970731602609064,17.344431848734498
2.349999999999994,53.11228388615289,17.32934857733668
2.3599999999999937,53.25346285849306,17.31343827183286
2.3699999999999934,53.394270275594145,17.29669962896056
2.3799999999999932,53.53470786801004,17.279131325349173
2.389999999999993,53.67477734103254,17.260732017300068
2.399999999999993,53.81448037483622,17.241500340564933
2.4099999999999926,53.95381862461966,17.22143491012228
2.4199999999999924,54.09279372074295,17.200534319952087
2.429999999999992,54.23140726886169,17.178797142808474
2.439999999999992,54.36966085005733,17.156221929990352
2.4499999999999917,54.50755602096393,17.13280721111001
2.4599999999999915,54.645094313891406,17.108551493859522
2.4699999999999913,54.782277236945184,17.08345326377497
2.479999999999991,54.919106274142415,17.057510983998345
2.489999999999991,55.05558288552464,17.03072309503713
2.4999999999999907,55.191708507266995,17.00308801452143
2.5099999999999905,55.327484551783925,16.97460413695864
2.5199999999999902,55.4629124078315,16.945269833485522
2.52999999999999,55.59799344060626,16.915083451617676
2.53999999999999,55.73272899184062,16.884043314996298
2.5499999999999896,55.86712037989489,16.852147723132163
2.5599999999999894,56.00116889984593,16.81939495114675
2.569999999999989,56.134875823572294,16.785783249510484
2.579999999999989,56.26824239983613,16.75131084377792
2.5899999999999888,56.401269854361615,16.715975934319918
2.5999999999999885,56.533959389910024,16.679776696052635
2.6099999999999883,56.66631218635147,16.642711278163297
2.619999999999988,56.798329400733266,16.604777803832686
2.629999999999988,56.93001216734492,16.565974369954212
2.6399999999999877,57.06136159777978,16.52629904684956
2.6499999999999875,57.192378780993316,16.485749877980762
2.6599999999999873,57.32306478335807,16.44432487965867
2.669999999999987,57.45342064871522,16.40202204074769
2.679999999999987,57.5834473984228,16.35883932236674
2.6899999999999866,57.713146031400555,16.314774657586334
2.6999999999999864,57.842517524171434,16.269825951121668
2.709999999999986,57.97156283089971,16.22399107902167
2.719999999999986,58.10028288342569,16.1772678883539
2.7299999999999858,58.22867859129713,16.129654196885202
2.7399999999999856,58.35675084179713,16.08114779275803
2.7499999999999853,58.4845004999687,16.031746434162343
2.759999999999985,58.61192840863594,15.981447849002965
2.769999999999985,58.739035388421684,15.930249734562347
2.7799999999999847,58.86582223776181,15.878149757158583
2.7899999999999845,58.99228973291605,15.825145551798615
2.7999999999999843,59.1184386279753,15.771234721826502
2.809999999999984,59.24426965486551,15.71641483856667
2.819999999999984,59.369783523348005,15.660683440962014
2.8299999999999836,59.4949809210163,15.604038035206749
2.8399999999999834,59.61986251328939,15.546476094373915
2.849999999999983,59.74442894340145,15.4879950580374
2.859999999999983,59.86868083238794,15.428592331888385
2.869999999999983,59.992618779068096,15.368265287346073
2.8799999999999826,60.11624336002381,15.30701126116261
2.8899999999999824,60.23955512957479,15.244827555022056
2.899999999999982,60.362554619750064,15.181711435133279
2.909999999999982,60.485242340255745,15.117660131816667
2.9199999999999817,60.607618778439026,15.05267083908451
2.9299999999999815,60.72968439924839,14.986740714214921
2.9399999999999813,60.85143964519002,14.919866877319182
2.949999999999981,60.9728849362803,14.852046410902343
2.959999999999981,61.094020669994464,14.783276359416975
2.9699999999999807,61.21484722121127,14.713553728809897
2.9799999999999804,61.33536494215375,14.642875486061758
2.9899999999999802,61.455574162325874,14.571238558719315
2.99999999999998,61.5754751884452,14.498639834420251
3.00999999999998,61.69506830437142,14.425076160410388
3.0199999999999796,61.81435377103069,14.35054434305313
3.0299999999999794,61.93333182633585,14.275041147330978
3.039999999999979,62.05200268510234,14.198563296338946
3.049999999999979,62.170366538959776,14.121107470769719
3.0599999999999787,62.28842355625925,14.042670308390367
3.0699999999999785,62.40617388197613,13.963248403510462
3.0799999999999783,62.52361763760848,13.882838306441387
3.089999999999978,62.640754921070844,13.801436522946677
3.099999999999978,62.75758580658352,13.719039513683192
3.1099999999999777,62.87411034455714,13.635643693632947
3.1199999999999775,62.99032856147251,13.551245431525361
3.1299999999999772,63.106240459755696,13.465841049249784
3.139999999999977,63.221846017648225,13.379426821258042
3.149999999999977,63.337145189072345,13.291998973956817
3.1599999999999766,63.45213790349129,13.203553685089648
3.1699999999999764,63.56682406576444,13.114087083108315
3.179999999999976,63.68120355599735,13.023595246533397
3.189999999999976,63.79527622938645,12.932074203303772
3.1999999999999758,63.90904191605853,12.839519930114808
3.2099999999999755,64.02250042090466,12.745928351745022
3.2199999999999753,64.13565152340875,12.65129534037095
