time,theta,omega

0,0.1,0
0.05,0.1,-0.04900000000000001
0.1,0.09755,-0.09800000000000002
0.15000000000000002,0.09265,-0.14579950000000003
0.2,0.08536002499999999,-0.19119800000000003
0.25,0.075800125,-0.23302441225000003
0.3,0.0641489043875,-0.27016647350000006
0.35,0.050640580712499994,-0.30159943664987504
0.39999999999999997,0.03556060888000624,-0.326413321199
0.44999999999999996,0.01923994282005624,-0.3438380195502031
0.49999999999999994,0.0020480418425460854,-0.35326559153203063
0.5499999999999999,-0.015615237734055445,-0.3542691320348782
0.6,-0.03332869433579935,-0.346617665545191
0.65,-0.050659577613058906,-0.33028660532064935
0.7000000000000001,-0.06717390787909137,-0.3054634122902505
0.7500000000000001,-0.0824470784936039,-0.2725481974294957
0.8000000000000002,-0.09607448836507869,-0.2321491289676298
0.8500000000000002,-0.10768194481346018,-0.18507262966874122
0.9000000000000002,-0.11693557629689724,-0.13230847671014573
0.9500000000000003,-0.12355100013240453,-0.07501004432466607
1.0000000000000002,-0.12730150234863782,-0.01447005425978784
1.0500000000000003,-0.12802500506162723,0.047907681891044704
1.1000000000000003,-0.125629620967075,0.11063993437124206
1.1500000000000004,-0.12009762424851289,0.17219844864510883
1.2000000000000004,-0.11148770181625745,0.23104628452688014
1.2500000000000004,-0.09993538758991344,0.28567525841684627
1.3000000000000005,-0.08565162466907113,0.33464359833590385
1.3500000000000005,-0.06891944475227593,0.3766128944237487
1.4000000000000006,-0.050088800031088496,0.4103834223523639
1.4500000000000006,-0.0295696289134703,0.4349269343675973
1.5000000000000007,-0.007823282195090434,0.44941605253519773
1.5500000000000007,0.014647520431669454,0.45324946081079204
1.6000000000000008,0.037309993472209056,0.446072175799274
1.6500000000000008,0.05961360226217276,0.42779027899789157
1.7000000000000008,0.08100311621206734,0.3985796138894269
1.7500000000000009,0.10093209690653868,0.35888808694551394
1.800000000000001,0.11887650125381438,0.30943135946130995
1.850000000000001,0.1343480692268799,0.2511818738469409
1.900000000000001,0.14690716291922692,0.18535131992576975
1.950000000000001,0.15617472891551543,0.11336681009534856
2.000000000000001,0.16184306942028284,0.036841192926745994
2.0500000000000007,0.16368512906662014,-0.0424619110891926
2.1000000000000005,0.1615620335121605,-0.12266762433183648
2.1500000000000004,0.15542865229556868,-0.20183302075279513
2.2,0.14533700125792892,-0.2779930603776238
2.25,0.13143734823904774,-0.34920819099400896
2.3,0.11397693868934729,-0.41361249163114233
2.3499999999999996,0.09329631410779017,-0.4694611915889225
2.3999999999999995,0.06982325452834404,-0.5151763855017397
2.4499999999999993,0.04406443525325705,-0.5493897802206283
2.499999999999999,0.016594946242225635,-0.5709813534947243
2.549999999999999,-0.011954121432510584,-0.5791128771534149
2.5999999999999988,-0.040909765290181324,-0.5732553576514847
2.6499999999999986,-0.06957253317275557,-0.5532095726592958
2.6999999999999984,-0.09723301180572036,-0.5191190314046455
2.7499999999999982,-0.12318896337595264,-0.4714748556198426
2.799999999999998,-0.14676270615694478,-0.4111122635656258
2.849999999999998,-0.16731831933522606,-0.33919853754872287
2.8999999999999977,-0.1842782462126622,-0.2572125610744621
2.9499999999999975,-0.1971388742663853,-0.1669162204302576
2.9999999999999973,-0.20548468528789818,-0.0703181720397288
3.049999999999997,-0.20900059388988462,0.030369323751341326
3.099999999999997,-0.20748212770231755,0.1327796147573848
3.149999999999997,-0.20084314696444833,0.23444585733152043
3.1999999999999966,-0.1891208540978723,0.3328589993441001
3.2499999999999964,-0.1724779041306673,0.4255282178520576
3.2999999999999963,-0.15120149323806442,0.5100423908760846
3.349999999999996,-0.12569937369426018,0.5841311225627361
3.399999999999996,-0.09649281756612338,0.6457238156729236
3.4499999999999957,-0.0642066267824772,0.693005296280324
3.4999999999999956,-0.029556361968460995,0.7244665434037378
3.5499999999999954,0.006666965201725897,0.7389491607682838
3.599999999999995,0.04361442324014009,0.7356823478194381
3.649999999999995,0.08039854063111199,0.7143112804317694
3.699999999999995,0.11611410465270046,0.6749159955225246
3.7499999999999947,0.14985990442882668,0.6180200842427014
3.7999999999999945,0.18076090864096175,0.5445887310725763
3.8499999999999943,0.2079903451945906,0.45601588583850505
3.899999999999994,0.23079113948651583,0.3541006166931557
3.949999999999994,0.2484961703211736,0.2410129583447629
3.999999999999994,0.26054681823841175,0.11924983488738783
4.049999999999994,0.26650930998278116,-0.008418106049433938
4.099999999999993,0.2660884046803095,-0.13900766794099673
4.149999999999993,0.25913802128325963,-0.26939098623434843
4.199999999999993,0.2456684719715422,-0.3963686166631457
4.249999999999993,0.22585004113838492,-0.5167461679292014
4.299999999999993,0.20001273274192485,-0.62741268808701
4.3499999999999925,0.16864209833757435,-0.7254189271305532
4.399999999999992,0.13237115198104668,-0.8080535553159647
4.449999999999992,0.09196847421524845,-0.8729154197866775
4.499999999999992,0.04832270322591457,-0.9179799721521493
4.549999999999992,0.0024237046183071057,-0.9416580967328475
4.599999999999992,-0.04465920021833527,-0.942845711995818
4.6499999999999915,-0.09180148581812617,-0.9209627038888337
4.699999999999991,-0.13784962101256787,-0.8759799758379518
4.749999999999991,-0.18164861980446545,-0.8084336615417935
4.799999999999991,-0.22207030288155513,-0.7194258378376055
4.849999999999991,-0.2580415947734354,-0.6106113894256435
4.899999999999991,-0.2885721642447176,-0.48417100798666013
4.94999999999999,-0.3127807146440506,-0.34277064750674846
4.99999999999999,-0.329919247019388,-0.18950809733116364
5.04999999999999,-0.3393946518859462,-0.027847666291663492
5.09999999999999,-0.3407870352005294,0.13845571313245017
5.14999999999999,-0.33386424954390687,0.30544136038070957
5.1999999999999895,-0.3185921815248714,0.46903484265722395
5.249999999999989,-0.2951404393920102,0.6251450116044109
5.299999999999989,-0.2638831888117896,0.7697638269064959
5.349999999999989,-0.22539499746646482,0.8990665894242729
5.399999999999989,-0.1804416679952512,1.0095101381828406
5.449999999999989,-0.12996616108610914,1.0979265555005138
5.4999999999999885,-0.07506983331108345,1.1616099744327073
5.549999999999988,-0.016989334589448082,1.1983941927551383
5.599999999999988,0.042930375048308836,1.2067189667039677
5.649999999999988,0.10326632338350722,1.1856830829302965
5.699999999999988,0.16255047753002205,1.135082584472378
5.749999999999988,0.21930460675364094,1.055432850482667
5.799999999999987,0.2720762492777743,0.947973593173383
5.849999999999987,0.31947492893644347,0.8146562310272736
5.899999999999987,0.3602077404878071,0.6581135158484163
5.949999999999987,0.39311341628022795,0.48161172300939076
5.999999999999987,0.4171940024306975,0.28898614903207903
6.0499999999999865,0.43164330988230143,0.08456108784103725
6.099999999999986,0.4358713642743533,-0.12694413400129048
6.149999999999986,0.4295241575742888,-0.34052110249572365
6.199999999999986,0.41249810244950263,-0.5509879397071252
6.249999999999986,0.3849487054641464,-0.7531120099073816
6.299999999999986,0.3472931049687773,-0.9417368755848133
6.349999999999985,0.30020626118953664,-1.1119104970195142
6.399999999999985,0.24461073633856092,-1.2590115650023872
6.449999999999985,0.18166015808844155,-1.378870825808282
6.499999999999985,0.11271661679802744,-1.4678843032716185
6.549999999999985,0.039322401634446516,-1.5231154455026519
6.5999999999999845,-0.03683337064068608,-1.5423834223035306
6.649999999999984,-0.11395254175586261,-1.5243350706895944
6.699999999999984,-0.19016929529034232,-1.4684983252292216
6.749999999999984,-0.2635942115518034,-1.3753153705369539
6.799999999999984,-0.3323599800786511,-1.24615420687657
6.849999999999984,-0.3946676904224796,-1.083297816638031
6.8999999999999835,-0.4488325812543812,-0.8899106483310159
6.949999999999983,-0.493328113670932,-0.669982683516369
6.999999999999983,-0.5268272478467504,-0.42825190781761235
7.049999999999983,-0.548239843237631,-0.17010655637270466
7.099999999999983,-0.5567451710562662,0.09853096681373458
7.149999999999983,-0.5518186227155795,0.37133610063130507
7.199999999999982,-0.5332518176840142,0.6417272257619391
7.249999999999982,-0.5011654563959173,0.9030206164271061
7.299999999999982,-0.45601442557456195,1.1485916900611055
7.349999999999982,-0.39858484107150666,1.372038758592641
7.399999999999982,-0.3299829031418746,1.5673453307176792
7.4499999999999815,-0.2516156366059906,1.7290369532571979
7.499999999999981,-0.16516378894313072,1.8523286151941334
7.549999999999981,-0.07254735818342405,1.9332588717762675
7.599999999999981,0.024115585405389342,1.9688070772861452
7.649999999999981,0.12255593926969661,1.9569904404375045
7.699999999999981,0.22040546129157185,1.8969380301953531
7.7499999999999805,0.3152523628013395,1.788939354162483
7.79999999999998,0.40469933050946366,1.6344656963898265
7.84999999999998,0.486422615328955,1.4361630244401893
7.89999999999998,0.5582307665509645,1.1978159429290014
7.94999999999998,0.6181215636974146,0.9242828673190288
7.99999999999998,0.664335707063366,0.6214033011072956
8.04999999999998,0.6954058721187307,0.2958788046462462
8.09999999999998,0.710199812351043,-0.044870072691931884
8.14999999999998,0.7079563087164464,-0.392867980743943
8.199999999999982,0.6883129096792493,-0.7397665720150018
8.249999999999982,0.6513245810784992,-1.077039897757834
8.299999999999983,0.5974725861906075,-1.3961889424862985
8.349999999999984,0.5276631390662926,-1.6889505097196962
8.399999999999984,0.44321561358030775,-1.9475054478621796
8.449999999999985,0.34584034118719875,-2.1646810985165303
8.499999999999986,0.23760628626137223,-2.334142865698258
8.549999999999986,0.12089914297645933,-2.4505699459663304
8.599999999999987,-0.0016293543218571932,-2.5098105260247956
8.649999999999988,-0.12711988062309698,-2.5090121424070855
8.699999999999989,-0.25257048774345126,-2.4467234009017678
8.74999999999999,-0.37490665778853965,-2.3229638619074766
8.79999999999999,-0.4910548508839135,-2.1392595995910924
8.84999999999999,-0.598017830863468,-1.8986427226579747
8.899999999999991,-0.6929499669963668,-1.6056139855348754
8.949999999999992,-0.7732306662731105,-1.2660685017066557
8.999999999999993,-0.8365340913584434,-0.8871854752328315
9.049999999999994,-0.880893365120085,-0.4772837704671942
9.099999999999994,-0.9047575536434447,-0.04564602155835251
9.149999999999995,-0.9070398547213623,0.39768517972693546
9.199999999999996,-0.8871555957350155,0.842134708540403
9.249999999999996,-0.8450488603079953,1.2768409504505605
9.299999999999997,-0.7812068127854673,1.6909148920014783
9.349999999999998,-0.6966610681853934,2.073706230266357
9.399999999999999,-0.5929757566720756,2.4150701536772
9.45,-0.4722222489882156,2.705628274446517
9.5,-0.3369408352658897,2.9370171764507425
9.55,-0.19008997644335257,3.1021181857310283
9.600000000000001,-0.034984067156801135,3.1952622741882712
9.650000000000002,0.12477904655261243,3.2124044670951037
9.700000000000003,0.28539926990736764,3.1512627342843236
9.750000000000004,0.4429624066215838,3.0114170920297134
9.800000000000004,0.5935332612230695,2.7943655127851375
9.850000000000005,0.7332515368623264,2.5035342147858333
9.900000000000006,0.8584282476016181,2.1442409617232934
9.950000000000006,0.9656402956877828,1.7236111203985005
10.000000000000007,1.0518208517077077,1.2504473755114869
10.050000000000008,1.114343220483282,0.7350551581747101
10.100000000000009,1.1510959783920174,0.18902698013790187
10.15000000000001,1.1605473273989124,-0.3750100492741867
10.20000000000001,1.141796824935203,-0.9436782396996538
10.25000000000001,1.0946129129502205,-1.5031586839179034
10.300000000000011,1.0194549787543252,-2.0395190112635113
10.350000000000012,0.9174790281911497,-2.5390519508531306
10.400000000000013,0.7905264306484932,-2.988616674666794
10.450000000000014,0.6410955969151535,-3.3759746256845555
10.500000000000014,0.4722968656309257,-3.6901114681729807
10.550000000000015,0.2877912922222767,-3.9215369323321343
10.600000000000016,0.09171444560566994,-4.06255466552105
10.650000000000016,-0.11141328767038258,-4.107494743867829
10.700000000000017,-0.316788024863774,-4.052902232909341
10.750000000000018,-0.5194331365092411,-3.897676100726092
10.800000000000018,-0.7143169415455457,-3.643153863836564
10.85000000000002,-0.8964746347373739,-3.2931385624792466
10.90000000000002,-1.0611315628613363,-2.8538659914579334
10.95000000000002,-1.203824862434233,-2.3339115256558784
11.000000000000021,-1.3205204387170268,-1.7440373430631042
11.050000000000022,-1.407722305870182,-1.096982328091761
11.100000000000023,-1.46257142227477,-0.40719839821537174
11.150000000000023,-1.4829313421855388,0.3094615986992657
11.200000000000024,-1.4674582622505754,1.0360979563701798
11.250000000000025,-1.4156533644320664,1.755152504872962
11.300000000000026,-1.3278957391884183,2.4488226534446746
11.350000000000026,-1.2054546065161846,3.099491565647
11.400000000000027,-1.0504800282338347,3.6901643228399306
11.450000000000028,-0.8659718120918382,4.204899536674509
11.500000000000028,-0.6557268352581127,4.62922572459951
11.55000000000003,-0.4242655490281372,4.950531873875986
11.60000000000003,-0.1767389553343379,5.158421992899773
11.65000000000003,0.08118214431065077,5.245024081013598
11.700000000000031,0.34343334836133066,5.205244830301379
11.750000000000032,0.6036955898763996,5.036962489604327
11.800000000000033,0.855543714356616,4.741151650564891
11.850000000000033,1.0926012968848606,4.3219352305301495
11.900000000000034,1.308698058411368,3.7865605950565677
11.950000000000035,1.4980260881641965,3.145298546434997
12.000000000000036,1.6552910154859464,2.4112657632345407
12.050000000000036,1.7758543036476735,1.6001731656464269
12.100000000000037,1.855862961929995,0.7300045568590667
12.150000000000038,1.8923631897729483,-0.17936829448663083
12.200000000000038,1.8833947750486166,-1.1066262574753756
12.250000000000039,1.828063462174848,-2.029489697249198
12.30000000000004,1.7265889773123881,-2.9252407937148734
12.35000000000004,1.5803269376266444,-3.7712693925979437
12.400000000000041,1.3917634679967472,-4.545629592035
12.450000000000042,1.1644819883949973,-5.227593691353405
12.500000000000043,0.9031023038273269,-5.798189865666954
12.550000000000043,0.6131928105439792,-6.240709994542344
12.600000000000044,0.301157310816862,-6.541174471708894
12.650000000000045,-0.025901412768582766,-6.688741554009156
12.700000000000045,-0.3603384904690406,-6.676049861752551
12.750000000000046,-0.6941409835566681,-6.499484001422721
12.800000000000047,-1.0191151836278043,-6.159354919479954
12.850000000000048,-1.327082929601802,-5.65998847950233
12.900000000000048,-1.6100823535769186,-5.009717843997446
12.950000000000049,-1.860568245776791,-4.220777490744756
13.00000000000005,-2.0716071203140287,-3.309099050314128
13.05000000000005,-2.237062072829735,-2.294011561360254
13.100000000000051,-2.3517626508977476,-1.1978511456736838
13.150000000000052,-2.4116552081814318,-0.04548744673378735
13.200000000000053,-2.413929580518121,1.1362236052751145
13.250000000000053,-2.3571184002543655,2.319049099728994
13.300000000000054,-2.2411659452679156,3.4740371158536334
13.350000000000055,-2.067464089475234,4.572208429034912
13.400000000000055,-1.8388536680234884,5.585265832877777
13.450000000000056,-1.5595903763795995,6.4863041302092865
13.500000000000057,-1.235275169869135,7.250503414635291
13.550000000000058,-0.8727499991373706,7.855788247871167
13.600000000000058,-0.47996058674381226,8.283435747448479
13.650000000000059,-0.06578879937138826,8.518616434952946
13.70000000000006,0.3601420223762591,8.550852946644927
13.75000000000006,0.7876846697085054,8.37438335568056
13.800000000000061,1.2064038374925334,7.988417867523393
13.850000000000062,1.605824730868703,7.397279987152052
13.900000000000063,1.9756887302263055,6.610425869026387
13.950000000000063,2.306210023677625,5.642338391215497
14.000000000000064,2.5883269432383997,4.512295479613461
14.050000000000065,2.813941717219073,3.244015277426645
14.100000000000065,2.976142481090405,1.865183835989299
14.150000000000066,3.06940167288987,0.4068740202550003
14.200000000000067,3.08974537390262,-1.0971327994610363
14.250000000000068,3.0348887339295683,-2.6111080326733203
14.300000000000068,2.904333332295902,-4.098203512298809
14.350000000000069,2.699423156680962,-5.521326845123801
14.40000000000007,2.4233568144247717,-6.844044191897472
14.45000000000007,2.081154604829898,-8.031489030965611
14.500000000000071,1.6795801532816172,-9.051254787332262
14.550000000000072,1.227017413915004,-9.874249062440255
14.600000000000072,0.7333049607929913,-10.475487595258606
14.650000000000073,0.20953058103006106,-10.834807026047171
14.700000000000074,-0.3322097702722975,-10.937477010751902
14.750000000000075,-0.8790836208098926,-10.774694223318477
14.800000000000075,-1.4178183319758164,-10.34394324912163
14.850000000000076,-1.935015494431898,-9.64921226645348
14.900000000000077,-2.417476107754572,-8.70105467418185
14.950000000000077,-2.8525288414636645,-7.51649138138211
15.000000000000078,-3.22835341053277,-6.118752249064914
15.050000000000079,-3.5342910229860154,-4.536859077903857
15.10000000000008,-3.7611339768812084,-2.8050564766407096
15.15000000000008,-3.9013868007132437,-0.9621008279689174
15.200000000000081,-3.94949184211169,0.9495787043805721
15.250000000000082,-3.902012906892661,2.8848297070153004
15.300000000000082,-3.757771421541896,4.796816031392705
15.350000000000083,-3.517930619972261,6.638124027948234
15.400000000000084,-3.186024418574849,8.361910031734642
15.450000000000085,-2.767928916988117,9.923061996836317
15.500000000000085,-2.271775817146301,11.279347166160495
15.550000000000086,-1.7078084588382763,12.392517316562182
15.600000000000087,-1.088182593010167,13.229343461392938
15.650000000000087,-0.42671541994052,13.76255293196792
15.700000000000088,0.261412226657876,13.971643487738774
15.750000000000089,0.9599944010448147,13.843551496676415
15.80000000000009,1.6521719758786355,13.373154240164457
15.85000000000009,2.3208296878868584,12.563589971983925
15.900000000000091,2.949009186486055,11.426383424919365
15.950000000000092,3.5203283577320232,9.981368923541197
16.000000000000092,4.019396803909083,8.256408028252505
16.050000000000093,4.432217205321708,6.286903594337054
16.100000000000094,4.74656238503856,4.115117163729417
16.150000000000095,4.952318243225031,1.7893015950605222
16.200000000000095,5.041783322978057,-0.6373343441197434
16.250000000000096,5.00991660577207,-3.107808172378992
16.300000000000097,4.85452619715312,-5.562667309207306
16.350000000000097,4.576392831692755,-7.941385145812335
16.400000000000098,4.179323574402138,-10.183817633341786
16.4500000000001,3.670132692735049,-12.231686184798834
16.5000000000001,3.0585483834951073,-14.030051204239008
16.5500000000001,2.3570458232831566,-15.528739912151611
16.6000000000001,1.5806088276755759,-16.683692365560358
16.6500000000001,0.7464242093975579,-17.45819069112139
16.700000000000102,-0.12648532515851163,-17.823938553726194
16.750000000000103,-1.0176822528448213,-17.76196074439852
16.800000000000104,-1.9057802900647474,-17.263296440504558
16.850000000000104,-2.768945112089975,-16.32946409837283
16.900000000000105,-3.5854183170086165,-14.972680993448744
16.950000000000106,-4.334052366681053,-13.215826018114521
17.000000000000107,-4.994843667586779,-11.092140358440805
17.050000000000107,-5.54945068550882,-8.644666961323283
17.100000000000108,-5.981684033574984,-5.9254361254239605
17.15000000000011,-6.277955839846182,-2.994410948972218
17.20000000000011,-6.4276763872947935,0.08178741255241206
17.25000000000011,-6.423587016667173,3.2313488423268613
17.30000000000011,-6.26201957455083,6.378906480493777
17.35000000000011,-5.9430742505261405,9.447296072023684
17.400000000000112,-5.470709446924956,12.359402454781494
17.450000000000113,-4.852739324185881,15.040050083774723
17.500000000000114,-4.100736819997145,17.417892352625806
17.550000000000114,-3.229842202365855,19.427253394424408
17.600000000000115,-2.2584795326446345,21.009876073583676
17.650000000000116,-1.2079857289654508,22.116531044579546
17.700000000000117,-0.10215917673647334,22.708444051772616
17.750000000000117,1.0332630258521576,22.75850204837349
17.800000000000118,2.171188128270832,22.252203165705932
17.85000000000012,3.283798286556129,21.188320982853224
17.90000000000012,4.34321433569879,19.57925982244072
17.95000000000012,5.322177326820826,17.45108479794831
18.00000000000012,6.194731566718242,14.843217907806107
18.05000000000012,6.936892462108547,11.807799440114168
18.100000000000122,7.527282434114255,8.40872213368098
18.150000000000123,7.947718540798304,4.720353740964995
18.200000000000124,8.183736227846554,0.8259716559738255
18.250000000000124,8.225034810645244,-3.184059095670986
18.300000000000125,8.065831855861695,-7.214326152887157
18.350000000000126,7.7051155482173375,-11.166583762259389
18.400000000000126,7.146786360104368,-14.942090380885885
18.450000000000127,6.399681841060074,-18.444015697337026
18.500000000000128,5.477481056193223,-21.579859799456464
18.55000000000013,4.398488066220399,-24.263825516991144
18.60000000000013,3.185296790370842,-26.41908466943914
18.65000000000013,1.8643425568988847,-27.979880096720855
18.70000000000013,0.465348552062842,-28.893407949601308
18.75000000000013,-0.9793218454172234,-29.1214287401121
18.800000000000132,-2.4353932824228286,-28.641561035857663
18.850000000000133,-3.867471334215712,-27.448218327470478
18.900000000000134,-5.239882250589236,-25.553157373704778
18.950000000000134,-6.517540119274475,-22.98561507091605
19.000000000000135,-7.666820872820278,-19.792020412471558
19.050000000000136,-8.656421893443856,-16.03527818478962
19.100000000000136,-9.458185802683337,-11.793631457002132
19.150000000000137,-10.047867375533443,-7.159120413687296
19.200000000000138,-10.405823396217807,-2.2356653996759075
19.25000000000014,-10.517606666201603,2.863188064470818
19.30000000000014,-10.374447262978062,8.016815330909605
19.35000000000014,-9.973606496432582,13.100294489768856
19.40000000000014,-9.31859177194414,17.98736167302082
19.45000000000014,-8.4192236882931,22.55347164127345
19.500000000000142,-7.291550106229427,26.67889124853707
19.550000000000143,-5.957605543802574,30.25175080058949
19.600000000000144,-4.445018003773099,33.170977517052755
19.650000000000144,-2.786469127920461,35.34903633890158
19.700000000000145,-1.0190173109753822,36.714406211582606
19.750000000000146,0.8167029996037483,37.21372469396054
19.800000000000146,2.6773892343017756,36.81354022415471
19.850000000000147,4.518066245509511,35.50161949934684
19.900000000000148,6.293147220476852,33.287767039047175
19.95000000000015,7.957535572429211,30.204124901013518
20.00000000000015,9.467741817479887,26.304932470523205
20.05000000000015,10.782988441006047,21.66573897995806
20.10000000000015,11.86627539000395,16.382074643865096
20.15000000000015,12.685379122197206,10.56759970276316
20.200000000000152,13.213759107335365,4.351763932886527
20.250000000000153,13.431347303979692,-2.1229780297078022
20.300000000000153,13.325198402494301,-8.704338208657852
20.350000000000154,12.889981492061409,-15.233685425880061
20.400000000000155,12.128297220767406,-21.54977635699015
20.450000000000156,11.050808402917898,-27.49264199516618
20.500000000000156,9.67617630315959,-32.90753811259595
20.550000000000157,8.030799397529792,-37.64886450114415
20.600000000000158,6.148356172472584,-41.58395620593375
20.65000000000016,4.069158362175896,-44.59665073044532
20.70000000000016,1.83932582565363,-46.59053832791151
20.75000000000016,-0.4902010907419454,-47.49180798248179
20.80000000000016,-2.8647914898660347,-47.251609448018236
20.85000000000016,-5.227371962266947,-45.84786161798388
20.900000000000162,-7.5197650431661405,-43.28644935647308
20.950000000000163,-9.684087510989794,-39.60176448532167
21.000000000000163,-11.664175735255878,-34.856561604936665
21.050000000000164,-13.407003815502712,-29.141115494661285
21.100000000000165,-14.864059590235776,-22.571683625064956
21.150000000000166,-15.992643771489023,-15.288294425849426
21.200000000000166,-16.757058492781493,-7.451898977819804
21.250000000000167,-17.129653441672485,0.7590596836431285
21.300000000000168,-17.09170045749033,9.152589870062647
21.35000000000017,-16.6340709639872,17.527523094232908
21.40000000000017,-15.757694809275554,25.678217866586635
21.45000000000017,-14.473783915946221,33.399488323131656
21.50000000000017,-12.803809499789638,40.4916424419453
21.55000000000017,-10.779227377692372,46.76550909684222
21.600000000000172,-8.44095192285026,52.04733051191148
21.650000000000173,-5.838585397254686,56.18339695410811
21.700000000000173,-3.0294155495492805,59.04430379876291
21.750000000000174,-0.07720035961113458,60.528717418042056
21.800000000000175,2.9492355112909685,60.566545594251515
21.850000000000176,5.977562791003544,59.12142019371894
21.900000000000176,8.933633800689492,56.1924144261272
21.950000000000177,11.743254521995851,51.81493386378935
22.000000000000178,14.334001215185319,46.06073914801138
22.05000000000018,16.63703817258589,39.03707855257057
22.10000000000018,18.588892100214416,30.88492984800348
22.15000000000018,20.13313859261459,21.776372718898415
22.20000000000018,21.22195722855951,11.911134808517264
22.25000000000018,21.817513968985374,1.5123757665231032
22.300000000000182,21.89313275731153,-9.178206078279732
22.350000000000183,21.434222453397545,-19.905841129362383
22.400000000000183,20.438930396929425,-30.408610131527183
22.450000000000184,18.918499890353065,-40.4236860260226
22.500000000000185,16.897315589051935,-49.693750972295604
22.550000000000185,14.412628040437156,-57.973435610931055
22.600000000000186,11.513956259890602,-65.03562335074525
22.650000000000187,8.262175092353338,-70.67746191809165
22.700000000000188,4.728301996448756,-74.72592771334479
22.75000000000019,0.9920056107815158,-77.04279569160468
22.80000000000019,-2.8601341737987185,-77.52887844088762
22.85000000000019,-6.7365780958431,-76.12741269572625
22.90000000000019,-10.542948730629412,-72.82648942876313
22.95000000000019,-14.184273202067569,-67.66044455075472
23.000000000000192,-17.567295429605306,-60.71015068174161
23.050000000000193,-20.602802963692387,-52.10217592123501
23.100000000000193,-23.207911759754136,-42.006802469025736
23.150000000000194,-25.308251883205422,-30.63492570674621
23.200000000000195,-26.83999816854273,-18.23388228397555
23.250000000000195,-27.75169228274151,-5.082283181389609
23.300000000000196,-28.00580644181099,8.516046037153732
23.350000000000197,-27.580004139953303,22.23889119364112
23.400000000000198,-26.468059580271248,35.75309322221824
23.4500000000002,-24.680404919160335,48.722442416551154
23.5000000000002,-22.244282798332776,60.81584082693972
23.5500000000002,-19.20349075698579,71.71553939812279
23.6000000000002,-15.617713787079651,81.12524986904583
23.6500000000002,-11.56145129362736,88.77792962471486
23.700000000000202,-7.122554812391617,94.44304075859226
23.750000000000203,-2.4004027744620036,97.93309261666415
23.800000000000203,2.496251856371204,99.10928997615054
23.850000000000204,7.451716355178731,97.88612656652865
23.900000000000205,12.346022683505165,94.23478555249106
23.950000000000205,17.057761961129717,88.18523443757353
24.000000000000206,21.467023683008392,79.82693107661997
24.050000000000207,25.458370236839393,69.30808947194586
24.100000000000207,28.923774710436685,56.83348805589456
24.150000000000208,31.765449113231412,42.660838447780584
24.20000000000021,33.89849103562044,27.095768382297187
24.25000000000021,35.2532794547353,10.485507774843171
24.30000000000021,35.77755484347746,-6.788599157977128
24.35000000000021,35.4381248855786,-24.319601031281085
24.40000000000021,34.22214483401455,-41.6842822252146
24.450000000000212,32.13793072275382,-58.45313319388173
24.500000000000213,29.215274063059734,-74.2007192480311
24.550000000000214,25.50523810065818,-88.51620353893038
24.600000000000215,21.07942792371166,-101.0137702082529
24.650000000000215,16.028739413299014,-111.34268989087161
24.700000000000216,10.461604918755434,-119.19677220338812
24.750000000000217,4.501766308586028,-124.32295861357828
24.800000000000217,-1.714381622092887,-126.52882410478543
24.850000000000218,-8.040822827332159,-125.68877710995991
24.90000000000022,-14.325261682830154,-121.74877392456716
24.95000000000022,-20.412700379058514,-114.72939569998039
25.00000000000022,-26.149170164057534,-104.72717251424172
25.05000000000022,-31.38552878976962,-91.91407913385352
25.10000000000022,-35.9812327464623,-76.53517002686641
25.150000000000222,-39.80799124780562,-58.904365981099886
25.200000000000223,-42.75320954686061,-39.39845026967513
25.250000000000224,-44.72313206034437,-18.44937759171343
25.300000000000225,-45.64560093993004,3.4649571178553167
25.350000000000225,-45.47235308403727,25.83130157842104
25.400000000000226,-44.18078800511622,48.112754589599305
25.450000000000227,-41.77515027563626,69.76134071210626
25.500000000000227,-38.287083240030945,90.23116434716803
25.550000000000228,-33.77552502267255,108.9918351347832
25.60000000000023,-28.325933265933386,125.54184239589276
25.65000000000023,-22.04884114613875,139.42154969620012
25.70000000000023,-15.077763661328742,150.22548185780812
25.75000000000023,-7.566489568438335,157.61358605185922
25.80000000000023,0.3141897341546258,161.321165940394
25.850000000000232,8.380248031174325,161.16721297065823
25.900000000000233,16.438608679707237,157.0608914353828
25.950000000000234,24.291653251476376,149.00597318232627
26.000000000000234,31.74195191059269,137.10306308910285
26.050000000000235,38.597105065047835,121.54950665291243
26.100000000000236,44.674580397693454,102.63692517103898
26.150000000000237,49.80642665624541,80.74638077616919
26.200000000000237,53.84374569505387,56.34123171460894
26.250000000000238,56.66080728078432,29.95779632403254
26.30000000000024,58.15869709698595,2.1940007564482222
26.35000000000024,58.26839713480836,-26.3037608210749
26.40000000000024,56.953209093754616,-54.855275417131
26.45000000000024,54.21044532289807,-82.76234787307077
26.50000000000024,50.07232792924453,-109.32546608129083
26.550000000000242,44.606054625179986,-133.86090676662064
26.600000000000243,37.913009286848954,-155.71787353295883
26.650000000000244,30.127115610201013,-174.29524808351482
26.700000000000244,21.412353206025273,-189.05753473251332
26.750000000000245,11.959476469399606,-199.5495878034657
26.800000000000246,1.9819970792263195,-205.4097312734715
26.850000000000247,-8.288489484447256,-206.3809098422924
26.900000000000247,-18.607534976561876,-202.31954999491325
26.950000000000248,-28.72351247630754,-193.20185785639794
27.00000000000025,-38.38360536912744,-179.12733674300725
27.05000000000025,-47.3399722062778,-160.3193701121348
27.10000000000025,-55.35594071188454,-137.1227837310587
27.15000000000025,-62.21207989843748,-109.99837278223526
27.20000000000025,-67.71199853754925,-79.5144536320009
27.250000000000252,-71.6877212191493,-46.33557434860176
27.300000000000253,-74.00449993657938,-11.208590951218603
27.350000000000254,-74.56492948414031,25.053614017705293
27.400000000000254,-73.31224878325504,61.59042946493405
27.450000000000255,-70.23272731000834,97.51343136872902
27.500000000000256,-65.3570557415719,131.9274677506331
27.550000000000257,-58.76068235404024,163.95242506400334
27.600000000000257,-50.56306110084007,192.74515941748305
27.650000000000258,-40.92580312996592,217.52105935689468
27.70000000000026,-30.049750162121185,237.57470289057798
27.75000000000026,-18.171015017592286,252.29908047001737
27.80000000000026,-5.556060994091416,261.2028778286376
27.85000000000026,7.504082897340465,263.9253477157424
27.90000000000026,20.700350283127587,260.24834709604556
27.950000000000262,33.712767637929865,250.10517545731304
28.000000000000263,46.21802641079552,233.5859193147274
28.050000000000264,57.89732237653189,210.9390863734376
28.100000000000264,68.44427669520377,182.56939840893696
28.150000000000265,77.57274661565062,149.0317028282871
28.200000000000266,85.02433175706497,111.0210569866183
28.250000000000266,90.57538460639589,69.35913442565646
28.300000000000267,94.0433413276787,24.977195968522473
28.350000000000268,95.29220112610483,-21.104041282040093
28.40000000000027,94.23699906200282,-67.79721983383146
28.45000000000027,90.84713807031125,-113.97334937421286
28.50000000000027,85.14847060160061,-158.48844702866538
28.55000000000027,77.22404825016734,-200.21119762344966
28.60000000000027,67.21348836899486,-238.05098126603167
28.650000000000272,55.310939305693275,-270.98559056683916
28.700000000000273,41.76165977735131,-298.08795082662886
28.750000000000274,26.85726223601987,-318.551164117531
28.800000000000274,10.92970403014332,-331.7112226131808
28.850000000000275,-5.655857100515721,-337.066777587951
28.900000000000276,-22.509195979913272,-334.29540760869827
28.950000000000276,-39.223966360348186,-323.26590157854076
29.000000000000277,-55.38726143927522,-304.0461580619702
29.050000000000278,-70.58956934237374,-276.9063999567253
29.10000000000028,-84.43488934021,-242.31751097896216
29.15000000000028,-96.55076488915812,-200.94441520225925
29.20000000000028,-106.59798564927108,-153.63454040657177
29.25000000000028,-114.27971266959968,-101.40152743842893
29.30000000000028,-119.34978904152112,-45.40446823032508
29.350000000000282,-121.62001245303738,13.076928400020279
29.400000000000283,-120.96616603303636,72.6707345020086
29.450000000000284,-117.33262930793593,131.9441558581964
29.500000000000284,-110.7354215150261,189.43714421908504
29.550000000000285,-101.26356430407185,243.69750076144783
29.600000000000286,-89.07868926599946,293.316647270443
29.650000000000286,-74.4128569024773,336.96520501078277
29.700000000000287,-57.56459665193816,373.42750489299664
29.750000000000288,-38.89322140728832,401.63415725244636
29.80000000000029,-18.811513544666003,420.69183574201764
29.85000000000029,2.2230782424348803,429.909477378904
29.90000000000029,23.71855211138008,428.8201690401109
29.95000000000029,45.159560563385625,417.1980785055347
30.00000000000029,66.01946448866236,395.06989382947575
30.050000000000292,85.77295918013616,362.7203562300312
30.100000000000293,103.90897699163772,320.69160623176447
30.150000000000293,119.94355730322594,269.776207505862
30.200000000000294,133.43236767851903,211.00386442728126
30.250000000000295,143.98256089988308,145.62200426480692
30.300000000000296,151.26366111312342,75.07054942386421
30.350000000000296,155.01718858431664,0.9513554784337259
30.400000000000297,155.06475635823833,-75.00706692788144
30.450000000000298,151.31440301184426,-150.98879754341823
30.5000000000003,143.76496313467334,-225.13285501922195
30.5500000000003,132.50832038371223,-295.5776869552119
30.6000000000003,117.72943603595164,-360.5067639432309
30.6500000000003,99.70409783879009,-418.1941876008472
30.7000000000003,78.79438845874773,-467.0491955418544
30.750000000000302,55.441928681655014,-505.6584458866408
30.800000000000303,30.159006387322975,-532.8249909406518
30.850000000000303,3.517756840290385,-547.60290407044
30.900000000000304,-23.862388363231616,-549.3266049221822
30.950000000000305,-51.328718609340726,-537.6340346241988
31.000000000000306,-78.21042034055067,-512.4829625056218
31.050000000000306,-103.83456846583177,-474.15985653875197
31.100000000000307,-127.54256129276936,-423.2809179904944
31.150000000000308,-148.7066071922941,-360.7850629570374
31.20000000000031,-166.74586034014595,-287.91882543281326
31.25000000000031,-181.1418016117866,-206.21335386614174
31.30000000000031,-191.4524693050937,-117.4538710763663
31.35000000000031,-197.32516285891202,-23.64216111687037
31.40000000000031,-198.50727091475554,73.04716868399655
31.450000000000312,-194.8549124805557,170.31573143222676
31.500000000000313,-186.33912590894437,265.79463854769904
31.550000000000313,-173.0493939815594,357.1008102430818
31.600000000000314,-155.1943534694053,441.89501329404595
31.650000000000315,-133.099602804703,517.9402464940546
31.700000000000315,-107.20259048000028,583.159051868359
31.750000000000316,-78.04463788658234,635.6883212035592
31.800000000000317,-46.260221826404376,673.9301937679845
31.850000000000318,-12.563712138005151,696.5977024629227
31.90000000000032,22.266172985140983,702.7539214105452
31.95000000000032,57.403869055668245,691.8434966478261
32.00000000000032,91.99604388805955,663.7156008105486
32.05000000000032,125.18182392858698,618.6375393053994
32.100000000000314,156.11370089385696,557.2984455803918
32.15000000000031,183.97862317287655,480.80273214240185
32.20000000000031,208.01875977999666,390.65320678769234
32.250000000000306,227.55142011938128,288.724014495494
32.3000000000003,241.98762084415597,177.22381863699712
32.3500000000003,250.84881177600582,58.64988442336069
32.4000000000003,253.78130599717386,-64.26603334688218
32.450000000000294,250.56800432982976,-188.6188732854974
32.50000000000029,241.13706066555488,-311.397195407114
32.55000000000029,225.5672008951992,-429.5543551332359
32.600000000000286,204.0894831385374,-540.0822835718835
32.65000000000028,177.0853689599432,-640.0861303097669
32.70000000000028,145.08106244445486,-726.857961100139
32.75000000000028,108.7381643894479,-797.9476816979219
32.800000000000274,68.8407803045518,-851.2293822487513
32.85000000000027,26.27931119211423,-884.9613645979817
32.90000000000027,-17.96875703778486,-897.8382270821177
32.950000000000266,-62.86066839189075,-889.0335361336031
33.00000000000026,-107.31234519857091,-858.2318086215766
33.05000000000026,-150.22393562964976,-805.6487594742769
33.10000000000026,-190.5063736033636,-732.0390310157485
33.150000000000254,-227.10832515415103,-638.6909079501003
33.20000000000025,-259.04287055165605,-527.4078286245663
33.25000000000025,-285.41326198288436,-400.4768220542548
33.300000000000246,-305.43710308559713,-260.6243236826415
33.35000000000024,-318.4683192697292,-110.9601431706989
33.40000000000024,-324.01632642826416,45.08933327146843
33.45000000000024,-321.76185976469077,203.8573332213179
33.500000000000234,-311.56899310362485,361.5206445060164
33.55000000000023,-293.492960878324,514.1894511267926
33.60000000000023,-267.7834883219844,658.0010019571714
33.650000000000226,-234.88343822412583,789.2149112349438
33.70000000000022,-195.42269266237864,904.3077959647654
33.75000000000022,-150.20730286414036,1000.064915369331
33.80000000000022,-100.20405709567382,1073.6664937727596
33.850000000000215,-46.52073240703584,1122.7664817496398
33.90000000000021,9.617591680446154,1145.5616406290874
33.95000000000021,66.89567371190053,1140.8490207056689
34.000000000000206,123.93812474718398,1108.0701405868376
34.0500000000002,179.34163177652584,1047.3404594607175
34.1000000000002,231.70865474956173,959.4630598902198
34.1500000000002,279.6818077440727,845.9258190629346
34.200000000000195,321.9780986972195,708.881733268339
34.25000000000019,357.42218536063643,551.1124649067015
34.30000000000019,384.9778086059715,375.9755940799896
34.350000000000186,403.776588309971,187.33646786306355
34.40000000000018,413.1434117031242,-10.514060408822246
34.45000000000018,412.6177086826831,-212.95433214335313
34.50000000000018,401.96999207551545,-415.13700939786787
34.550000000000175,381.21314160562207,-612.1023055148705
34.60000000000017,350.60802632987856,-798.8967449016254
34.65000000000017,310.6631890847973,-970.6946778032659
34.700000000000166,262.128455194634,-1122.9196404548165
34.75000000000016,205.98247317189316,-1251.3625835001872
34.80000000000016,143.41434399688382,-1352.2939953544148
34.85000000000016,75.79964422916306,-1422.5670239128879
34.900000000000155,4.6712930335186655,-1459.7088495851779
34.95000000000015,-68.31414944574023,-1461.997783171602
35.00000000000015,-141.41403860432033,-1428.5238499431891
35.050000000000146,-212.8402311014798,-1359.2309710270722
35.10000000000014,-280.8017796528334,-1254.939257787347
35.15000000000014,-343.5487425422007,-1117.3463857574586
35.20000000000014,-399.41606183007366,-949.0075019117802
35.250000000000135,-446.8664369256627,-753.2936316150441
35.30000000000013,-484.5311185064149,-534.3290775214693
35.35000000000013,-511.24757238248833,-296.908829453326
35.40000000000013,-526.0930138551546,-46.397518985906686
35.450000000000124,-528.41288980445,211.38805780311907
35.50000000000012,-517.843486914294,470.3103738072996
35.55000000000012,-494.327968223929,724.0536823953037
35.600000000000115,-458.1252841041638,966.2743868250288
35.65000000000011,-409.8115647629124,1190.7557760360692
35.70000000000011,-350.2737759611089,1391.5634427698963
35.75000000000011,-280.6956038226141,1563.1975929908397
35.800000000000104,-202.53572417307208,1700.7384388639207
35.8500000000001,-117.49880222987605,1799.980943708726
35.9000000000001,-27.499755044439738,1857.5553568013654
35.950000000000095,65.37801279562854,1871.0302367731408
36.00000000000009,158.9295246342856,1838.9950105032829
36.05000000000009,250.87927515944975,1761.119543432483
36.10000000000009,338.9352523310739,1638.1886986043526
36.150000000000084,420.84468726129154,1472.1104249621262
36.20000000000008,494.45020850939784,1265.8965282040933
36.25000000000008,557.7450349196025,1023.6159260344883
36.300000000000075,608.9258312213269,750.3208589238831
36.35000000000007,646.4418741675211,451.94720162543285
36.40000000000007,669.0392342487927,135.19068328334748
36.45000000000007,675.79876841296,-192.63854149856098
36.500000000000064,666.166841338032,-523.7799380209115
36.55000000000006,639.9778444369864,-850.2016902765472
36.60000000000006,597.4677599231591,-1163.7908340506706
36.650000000000055,539.2782182206255,-1456.5500364130185
36.70000000000005,466.45071639997457,-1720.796363341125
36.75000000000005,380.4108982329183,-1949.3572143771125
36.80000000000005,282.94303751406267,-2135.7585545112424
36.850000000000044,176.15510978850054,-2274.400642893133
36.90000000000004,62.43507764384388,-2360.7166466894982
36.95000000000004,-55.600754690631035,-2391.309834734982
37.000000000000036,-175.16624642738014,-2364.065464936573
37.05000000000003,-293.3695196742088,-2278.2340041871566
37.10000000000003,-407.2812198835666,-2134.482939546794
37.15000000000003,-514.0053668609063,-1934.9151418038464
37.200000000000024,-610.7511239510986,-1683.0525120420023
37.25000000000002,-694.9037495531987,-1383.7844613059638
37.30000000000002,-764.0929726184969,-1043.2816240248962
37.350000000000016,-816.2570538197417,-668.8760674418327
37.40000000000001,-849.7008571918334,-268.9101110701592
37.45000000000001,-863.1463627453413,147.44330895383922
37.50000000000001,-855.7741972976494,570.3850266990565
37.550000000000004,-827.2549459626965,989.7143833749049
37.6,-777.7692267939512,1395.0693068966261
37.65,-708.01576144912,1776.1762280256623
37.699999999999996,-619.2069500478368,2123.103951135731
37.74999999999999,-513.0517524910503,2426.515356659171
37.79999999999999,-391.7259846580917,2677.910715379786
37.84999999999999,-257.8304488891024,2869.8564478622507
37.899999999999984,-114.33762649598987,2996.1933678179107
37.94999999999998,35.472041894905686,3052.2188048009457
37.99999999999998,188.08298213495297,3034.837504272442
38.049999999999976,339.82485734857505,2942.676843026315
38.09999999999997,486.9586994998908,2776.1626629255134
38.14999999999997,625.7668326461664,2537.5529001705668
38.19999999999997,752.6444776546948,2230.927152173945
38.249999999999964,864.190835263392,1862.1313581231448
38.29999999999996,957.2974031695493,1438.6778488440827
38.34999999999996,1029.2312956117535,969.6021212910035
38.399999999999956,1077.7114016763037,465.2787864412443
38.44999999999995,1100.975340998366,-62.799800380144575
38.49999999999995,1097.8353509793587,-602.2777174693439
38.54999999999995,1067.7214651058916,-1140.2170394492296
38.599999999999945,1010.7106131334301,-1663.4005573511165
38.64999999999994,927.5405852658743,-2158.6487577864973
38.69999999999994,819.6081473765494,-2613.143644566776
38.749999999999936,688.9509651482106,-3014.751636781285
38.79999999999993,538.2133833091464,-3352.337609703908
38.84999999999993,370.5965028239509,-3616.0621675253897
38.89999999999993,189.7933944476814,-3797.6544539091256
38.949999999999925,-0.0893282477748869,-3890.6532171884896
38.99999999999992,-194.62198910719937,-3890.60944634708
39.04999999999992,-389.1524614245534,-3795.244671684552
39.099999999999916,-578.914695008781,-3604.559965586521
39.14999999999991,-759.142693288107,-3320.8917650322182
39.19999999999991,-925.1872815397179,-2948.911845321046
39.24999999999991,-1072.6328738057703,-2495.570077366584
39.299999999999905,-1197.4113776740994,-1969.9799692017564
39.3499999999999,-1295.9103761341871,-1383.2483941414475
39.3999999999999,-1365.0727958412594,-748.2523098356958
39.449999999999896,-1402.4854113330443,-79.36663987347856
39.49999999999989,-1406.4537433267183,607.8512116797133
39.54999999999989,-1376.0611827427326,1297.0135459098053
39.59999999999989,-1311.2105054472424,1971.2835254537445
39.649999999999885,-1212.6463291745551,2613.7766731228935
39.69999999999988,-1081.9574955184105,3207.9733744184255
39.74999999999988,-921.5588267974892,3738.1325472224466
39.799999999999876,-734.6521994363669,4189.696372353216
39.84999999999987,-525.1673808187061,4549.675950077036
39.89999999999987,-297.6835833148543,4807.007966678202
39.94999999999987,-57.33318498094417,4952.872922502481
39.999999999999865,190.3104611441799,4980.966183143143
40.04999999999986,439.3587703013371,4887.714057182495
40.09999999999986,683.7444731604619,4672.428259734839
40.14999999999986,917.3658861472038,4337.393467886213
40.199999999999854,1134.2355595415145,3887.8841836740835
40.24999999999985,1328.6297687252186,3332.108759498741
40.29999999999985,1495.2352067001557,2681.080172823384
40.349999999999845,1629.289215341325,1948.4149215403077
40.39999999999984,1726.7099614183403,1150.0632060230582
40.44999999999984,1784.2131217194933,303.9753249280715
40.49999999999984,1799.4118879658968,-570.2891047144805
40.549999999999834,1770.8974327301728,-1452.00092981777
40.59999999999983,1698.2973862392844,-2319.740671855555
40.64999999999983,1582.3103526465065,-3151.906391112804
40.699999999999825,1424.7150330908662,-3927.2384639095926
40.74999999999982,1228.3531098953865,-4625.348830124117
40.79999999999982,997.0856683891807,-5227.241853972856
40.84999999999982,735.7235756905379,-5715.813831483554
40.899999999999814,449.9328841163602,-6076.318383571917
40.94999999999981,146.1169649377643,-6296.785496788934
40.99999999999981,-168.72230990168242,-6368.382809608439
41.049999999999805,-487.1414503821044,-6285.708877756614
41.0999999999998,-801.4268942699351,-6047.009567069383
41.1499999999998,-1103.7773726234043,-5654.310388877115
41.1999999999998,-1386.49289206726,-5113.459476291647
41.249999999999794,-1642.1658658818424,-4434.0779591786895
41.29999999999979,-1863.8697638407768,-3629.4166848965865
41.34999999999979,-2045.3405980856062,-2716.1205006146056
41.399999999999785,-2181.1466231163363,-1713.9036075526583
41.44999999999978,-2266.841803493969,-645.1417622256533
41.49999999999978,-2299.098891605252,465.61072148639164
41.54999999999978,-2275.8183555309324,1592.1691783729652
41.599999999999774,-2196.209896612284,2707.3201725831223
41.64999999999977,-2060.843887983128,3783.4630219231412
41.69999999999977,-1871.6707368869706,4793.276527034874
41.749999999999766,-1632.006910535227,5710.395188109489
41.79999999999976,-1346.4871511297524,6510.078574271751
41.84999999999976,-1020.9832224161648,7169.857278325329
41.89999999999976,-662.4903584998983,7670.13905730925
41.949999999999754,-278.98340563443577,7994.7593329742
41.99999999999975,120.75456101427426,8131.461201735074
42.04999999999975,527.327621101028,8072.291466838079
42.099999999999746,930.9421944429319,7813.9009324985755
42.14999999999974,1321.6372410678607,7357.7392572215385
42.19999999999974,1689.5242039289376,6710.137009098286
42.24999999999974,2025.0310543838518,5882.270149173107
42.299999999999734,2319.1445618425073,4890.004932525019
42.34999999999973,2563.644808468758,3753.6240972221904
42.39999999999973,2751.3260133298677,2497.4381410724986
42.449999999999726,2876.1979203834926,1149.2883945408632
42.49999999999972,2933.6623401105358,-260.04858644704836
42.54999999999972,2920.6599107881834,-1697.5431331012112
42.59999999999972,2835.782754133123,-3128.6664893874213
42.649999999999714,2679.349429663752,-4518.2000389126515
42.69999999999971,2453.439427718119,-5831.08125944789
42.74999999999971,2161.8853647457245,-7033.266579029769
42.799999999999706,1810.222035794236,-8092.590407755174
42.8499999999997,1405.5925154064773,-8979.59920529435
42.8999999999997,956.6125551417599,-9668.339537843523
42.9499999999997,473.1955782495837,-10137.079689862985
42.999999999999694,-33.65840624356554,-10368.94552320528
43.04999999999969,-552.1056824038296,-10352.452904145934
43.09999999999969,-1069.7283276111264,-10081.921119768058
43.149999999999686,-1573.8243835995293,-9557.754239238606
43.19999999999968,-2051.7120955614596,-8786.580291274837
43.24999999999968,-2491.0411101252016,-7781.241364449721
43.29999999999968,-2880.103178347688,-6560.6312204883725
43.349999999999675,-3208.1347393721067,-5149.380663098005
43.39999999999967,-3465.603772527007,-3577.3946408056727
43.44999999999967,-3644.4735045672905,-1879.248792267439
43.499999999999666,-3738.4359441806623,-93.4567750294666
43.54999999999966,-3743.1087829321355,1738.376837619058
43.59999999999966,-3656.1899410511824,3572.500141255805
43.64999999999966,-3477.564933988392,5364.033212370885
43.699999999999655,-3209.363273369848,7068.040030025197
43.74999999999965,-2855.961271868588,8640.628033976422
43.79999999999965,-2423.929870169767,10040.04905719203
43.849999999999646,-1921.9274173101655,11227.774693575217
43.89999999999964,-1360.5386826314048,12169.519128057198
43.94999999999964,-752.0627262285449,12836.183082546586
43.99999999999964,-110.25357210121558,13204.693818398573
44.049999999999635,549.9811188187131,13258.718068728169
44.09999999999963,1212.9170222551215,12989.227320507
44.14999999999963,1862.3783882804714,12394.89797960199
44.199999999999626,2482.123287260571,11482.332569344559
44.24999999999962,3056.239915727799,10266.092158586878
44.29999999999962,3569.544523657143,8768.534599880257
44.34999999999962,4007.971253651156,7019.457783288257
44.399999999999615,4358.944142815569,5055.55186899919
44.44999999999961,4611.721736265528,2919.6692390195617
44.49999999999961,4757.705198216507,659.9255882494526
44.549999999999606,4790.70147762898,-1671.3499588766358
44.5999999999996,4707.133979685148,-4018.793682914836
44.6499999999996,4506.194295539406,-6325.2893329605595
44.6999999999996,4189.929828891378,-8533.324537774868
44.749999999999595,3763.2636020026343,-10586.390153931643
44.79999999999959,3233.944094306052,-12430.389318912934
44.84999999999959,2612.424628360405,-14015.0219251229
44.89999999999959,1911.6735321042602,-15295.109993019498
44.949999999999584,1146.9180324532854,-16231.830023750585
44.99999999999958,335.3265312657561,-16793.819859652693
45.04999999999958,-504.3644617168786,-16958.129859972913
45.099999999999575,-1352.2709547155243,-16710.99127373164
45.14999999999957,-2187.8205184021062,-16048.378505921033
45.19999999999957,-2990.239443698158,-14976.346451904
45.24999999999957,-3739.056766293358,-13511.129124491903
45.299999999999564,-4414.613222517954,-11678.991309008157
45.34999999999956,-4998.562787968362,-9515.83082997436
45.39999999999956,-5474.35432946708,-7066.535063869863
45.449999999999555,-5827.681082660573,-4384.101442430993
45.49999999999955,-6046.886154782123,-1528.5377119273116
45.54999999999955,-6123.313040378489,1434.4365039159293
45.59999999999955,-6051.591215182692,4434.859893701389
45.649999999999544,-5829.848220497623,7400.139589140909
45.69999999999954,-5459.841241040577,10256.765217184744
45.74999999999954,-4947.00298018134,12932.087425294627
45.799999999999535,-4300.398608916608,15356.118885583484
45.84999999999953,-3532.592664637434,17463.31420395262
45.89999999999953,-2659.426954439803,19194.284609624963
45.94999999999953,-1699.7127239585548,20497.403817300466
45.999999999999524,-674.8425330935313,21330.263052040158
46.04999999999952,391.67061950847665,21660.935893255988
46.09999999999952,1474.717414171276,21469.017289696836
46.149999999999515,2548.1682786561178,20746.40575675291
46.19999999999951,3585.4885664937633,19497.80330021141
46.24999999999951,4560.378731504334,17740.913902629465
46.29999999999951,5447.424426635807,15506.328324192342
46.349999999999504,6222.740842845425,12837.090355140796
46.3999999999995,6864.595360602464,9787.947342146537
46.4499999999995,7353.992727709791,6424.2956154513295
46.499999999999496,7675.207508482358,2820.839178873531
46.54999999999949,7816.249467426035,-940.0125002828249
46.59999999999949,7769.248842411894,-4769.974739321582
46.64999999999949,7530.750105445814,-8576.90667210341
46.699999999999484,7101.904771840644,-12266.97422377186
46.74999999999948,6488.55606065205,-15746.907561973776
46.79999999999948,5701.210682553361,-18926.30003169328
46.849999999999476,4754.895680968697,-21719.893266144427
46.89999999999947,3668.9010176614756,-24049.792149819088
46.94999999999947,2466.411410170521,-25847.55364847321
46.99999999999947,1174.0337277468602,-27056.095239456765
47.049999999999464,-178.77103422597816,-27631.371766052725
47.09999999999946,-1560.3396225286144,-27543.773959281996
47.14999999999946,-2937.5283204927146,-26779.207544242974
47.199999999999456,-4276.488697704864,-25339.818667201544
47.24999999999945,-5543.479631064941,-23244.33920532616
47.29999999999945,-6705.696591331249,-20528.034186104338
47.34999999999945,-7732.098300636466,-17242.242856352026
47.399999999999444,-8594.210443454067,-13453.514689040157
47.44999999999944,-9266.886177906075,-9242.351571747666
47.49999999999944,-9729.00375649346,-4701.577344573689
47.549999999999436,-9964.082623722144,65.63449610810676
47.59999999999943,-9960.80089891674,4948.034981731958
47.64999999999943,-9713.399149830142,9828.82742220116
47.69999999999943,-9221.957778720083,14588.39300561793
47.749999999999424,-8492.538128439186,19107.152317190772
47.79999999999942,-7537.180512579647,23268.496000125975
47.84999999999942,-6373.755712573348,26961.714451290005
47.899999999999416,-5025.669990008848,30084.854750450948
47.94999999999941,-3521.4272524863004,32547.433045555284
47.99999999999941,-1894.0556002085361,34272.93239927357
48.04999999999941,-180.40898024485728,35201.01964337576
48.099999999999405,1579.6420019239308,35289.42004369574
48.1499999999994,3344.113004108718,34515.39546275301
48.1999999999994,5069.882777246368,32876.78009073974
48.249999999999396,6713.721781783355,30392.537529889018
48.29999999999939,8233.348658277806,27102.813856815173
48.34999999999939,9588.489351118566,23068.47301425905
48.39999999999939,10741.913001831517,18370.11323221095
48.449999999999385,11660.418663442066,13106.575861313508
48.49999999999938,12315.747456507741,7392.970716226894
48.54999999999938,12685.395992319085,1358.2544625381006
48.599999999999376,12753.30871544599,-4857.589573698252
48.64999999999937,12510.429236761078,-11106.710844266789
48.69999999999937,11955.093694547739,-17236.821170279716
48.74999999999937,11093.252636033752,-23094.81708060811
48.799999999999365,9938.511782003347,-28530.51087226465
48.84999999999936,8511.986238390115,-33400.381645446294
48.89999999999936,6841.9671561178,-37571.25490225745
48.949999999999356,4963.404411004927,-40923.818808755175
48.99999999999935,2917.2134705671683,-43355.88697014759
49.04999999999935,749.4191220597886,-44785.32157072551
49.09999999999935,-1489.8469564764869,-45152.5369405348
49.149999999999345,-3747.473803503227,-44422.51193186132
49.19999999999934,-5968.599400096293,-42586.24976814474
49.24999999999934,-8097.91188850353,-39661.63606209756
49.299999999999336,-10080.993691608408,-35693.65923673083
49.34999999999933,-11865.676653444949,-30753.972327842712
49.39999999999933,-13403.375269837084,-24939.790767654686
49.44999999999933,-14650.36480821982,-18372.136885434513
49.499999999999325,-15568.971652491546,-11193.458129406801
49.54999999999932,-16128.644558961885,-3564.662019685943
49.59999999999932,-16306.877659946182,4338.373814205382
49.64999999999932,-16089.958969235913,12328.74386757901
49.699999999999314,-15473.521775856963,20212.82376250461
49.74999999999931,-14462.880587731734,27794.84943267452
49.79999999999931,-13073.138116098007,34881.66092066307
49.849999999999305,-11329.055070064853,41287.49859755109
49.8999999999993,-9264.680140187298,46838.73558188287
49.9499999999993,-6922.743361093155,51378.42885057465
