,GTM,BGR,ARE,ISR,TZA,CZE,NOR,GEO,ARG,GUY,MNE,PRT,MKD,NAM,PRY,SAU,LVA,MAR,MWI,KOR,BHR,VNM,DZA,LBN,ZWE,SWZ,ISL,HKG,TUR,RUS,AND,DNK,GRC,MYS,LKA,ESP,CHN,HUN,BEL,BOL,CHE,SVK,ROU,UZB,POL,NIC,URY,ZMB,JAM,BRB,PAK,ZAF,MNG,BWA,TUN,NZL,IRL,AZE,CRI,KAZ,PHL,DEU,DOM,MEX,BRN,MDA,BRA,HND,SEN,KEN,LCA,SLV,BLR,AUS,NLD,USA,MLT,SRB,UKR,EGY,LSO,AUT,EST,FRA,HRV,LUX,COL,IDN,ITA,GBR,ECU,FIN,MDG,CIV,IND,SGP,SVN,CAN,LTU,CYP,PER,BIH,CHL,JPN,SWE
GTM,0.0,0.0,0.0,0.0,0.0,0.0,0.0,0.0,0.0,0.0,0.0,0.0,0.0,0.0,0.0,0.0,0.0,0.0,0.0,0.0,0.0,0.0,0.0,0.0,0.0,0.0,0.0,0.0,0.0,0.0,0.0,0.0,0.0,0.0,0.0,0.0,0.0,0.0,0.0,0.0,0.0,0.0,0.0,0.0,0.0,0.0,0.0,0.0,0.0,0.0,0.0,0.0,0.0,0.0,0.0,0.0,0.0,0.0,0.0,0.0,0.0,0.0,0.0,0.0,0.0,0.0,0.0,0.0,0.0,0.0,0.0,0.0,0.0,0.0,0.0,0.0,0.0,0.0,0.0,0.0,0.0,0.0,0.0,0.0,0.0,0.0,0.0,0.0,0.0,0.0,0.0,0.0,0.0,0.0,0.0,0.0,0.0,0.0,0.0,0.0,0.0,0.0,0.0,0.0,0.0
BGR,0.0,0.0,0.0,0.0,0.0,0.0,0.0,0.0,0.0,0.0,0.0,0.0,0.0,0.0,0.0,0.0,0.0,0.0,0.0,0.0,0.0,0.0,0.0,0.0,0.0,0.0,0.0,0.0,0.0,0.0,0.0,0.0,0.0,0.0,0.0,0.0,0.0,0.0,0.0,0.0,0.0,0.0,0.0,0.0,0.0,0.0,0.0,0.0,0.0,0.0,0.0,0.0,0.0,0.0,0.0,0.0,0.0,0.0,0.0,0.0,0.0,0.0,0.0,0.0,0.0,0.0,0.0,0.0,0.0,0.0,0.0,0.0,0.0,0.0,0.0,0.0,0.0,0.0,0.0,0.0,0.0,0.0,0.0,0.0,0.0,0.0,0.0,0.0,0.0,0.0,0.0,0.0,0.0,0.0,0.0,0.0,0.0,0.0,0.0,0.0,0.0,0.0,0.0,0.0,0.0
ARE,0.0,0.0,0.0,0.0,0.0,0.0,0.0,0.0,0.0,0.0,0.0,0.0,0.0,0.0,0.0,0.0,0.0,0.0,0.0,0.0,0.0,0.0,0.0,0.0,0.0,0.0,0.0,0.0,0.0,0.0,0.0,0.0,0.0,0.0,0.0,0.0,0.0,0.0,0.0,0.0,0.0,0.0,0.0,0.0,0.0,0.0,0.0,0.0,0.0,0.0,0.0,0.0,0.0,0.0,0.0,0.0,0.0,0.0,0.0,0.0,0.0,0.0,0.0,0.0,0.0,0.0,0.0,0.0,0.0,0.0,0.0,0.0,0.0,0.0,0.0,0.0,0.0,0.0,0.0,0.0,0.0,0.0,0.0,0.0,0.0,0.0,0.0,0.0,0.0,0.0,0.0,0.0,0.0,0.0,0.0,0.0,0.0,0.0,0.0,0.0,0.0,0.0,0.0,0.0,0.0
ISR,0.0,0.0001608475837608848,0.0003186295181401353,0.003920219139202609,0.0,0.00022582796774266094,6.718132303835748e-05,3.63603499053658e-08,0.0,0.0,0.0,0.0005632260746618451,1.1492945031143384e-10,0.0,0.0,0.0,4.247424130836177e-06,0.00042988285326648625,0.0,0.04731601193934524,0.0,0.017041015879665285,0.0,0.0,0.0,0.0,0.0,0.003838461766646767,1.6924435689105532e-06,1.9318792822538102e-10,0.0,0.00022047867360483787,9.58961569587634e-06,0.04758842918309712,5.128035992921352e-07,0.00028864437657105706,0.005058474579252809,6.601119656097932e-06,0.006534795749480181,0.0,0.0013555117496180796,2.515603576910986e-06,1.2747836955038762e-07,1.0486605198440311e-13,9.525559326097582e-06,0.0,0.0,0.0,0.0,0.0,0.0,2.5178579495470495e-05,0.0,0.0,8.398792606570956e-05,2.9125101237438087e-07,0.04613875760117467,0.0,0.0005301881035817053,0.0,0.02738771597568719,0.0347915898317063,0.0,4.558726178626591e-06,0.0,0.0,3.0168998941939115e-09,3.8794972126380625e-09,0.0,2.7296953680988653e-07,0.0,0.0,3.8861298410769876e-05,3.438012655938157e-06,0.04506322850640642,0.04755935548100347,0.0015135307318600182,9.856553511407894e-07,1.2467313594452602e-07,0.0,0.0,0.0030666853431112013,2.1569509592869024e-05,0.01899326044868099,1.393969444285943e-05,1.6078038063853294e-06,0.0,0.0006242514493470813,0.006218411895284245,0.02315393005647645,0.0,0.00010913106238855057,0.0,0.0,0.000860179474478234,0.04639595563293346,4.551621460136672e-06,8.670649648340302e-05,3.4443629312858046e-05,0.0,0.0,5.545653494699028e-07,0.0,0.028972653298284422,4.425986625332282e-05
TZA,0.0,0.0,0.0,0.0,0.0,0.0,0.0,0.0,0.0,0.0,0.0,0.0,0.0,0.0,0.0,0.0,0.0,0.0,0.0,0.0,0.0,0.0,0.0,0.0,0.0,0.0,0.0,0.0,0.0,0.0,0.0,0.0,0.0,0.0,0.0,0.0,0.0,0.0,0.0,0.0,0.0,0.0,0.0,0.0,0.0,0.0,0.0,0.0,0.0,0.0,0.0,0.0,0.0,0.0,0.0,0.0,0.0,0.0,0.0,0.0,0.0,0.0,0.0,0.0,0.0,0.0,0.0,0.0,0.0,0.0,0.0,0.0,0.0,0.0,0.0,0.0,0.0,0.0,0.0,0.0,0.0,0.0,0.0,0.0,0.0,0.0,0.0,0.0,0.0,0.0,0.0,0.0,0.0,0.0,0.0,0.0,0.0,0.0,0.0,0.0,0.0,0.0,0.0,0.0,0.0
CZE,0.0,0.000179798463446051,0.000481062872347455,0.005144626393953697,0.0,0.00020884483786465666,8.899145062068754e-05,3.347278358348777e-08,0.0,0.0,0.0,0.00046276900696155815,7.594848327857538e-11,0.0,0.0,0.0,4.962734495577238e-06,0.00039997243459929103,0.0,0.06818690891459571,0.0,0.027762550067303157,0.0,0.0,0.0,0.0,0.0,0.00838134649559308,2.1517306571049734e-06,2.0444602006397028e-10,0.0,0.0001740453378994946,1.1415787824176605e-05,0.07506962787861803,7.055624083763988e-07,0.0002007458445528088,0.0320158550214842,7.987086213484748e-06,0.0030661612541145844,0.0,0.0009348103551253837,1.937319761766111e-06,7.898665255629856e-08,8.9689231663792e-14,1.1911062324645302e-05,0.0,0.0,0.0,0.0,0.0,0.0,3.225394289812757e-05,0.0,0.0,6.478651916338348e-05,1.7506876571531844e-07,0.037106015579909356,0.0,0.002250713159678462,0.0,0.029297627425034774,0.03357343573060753,0.0,4.033704542421168e-06,0.0,0.0,1.315509821925452e-09,9.900840920637765e-09,0.0,3.485591039855611e-07,0.0,0.0,4.644636933940417e-05,5.102948613015888e-06,0.07253950899226841,0.06919510704758709,0.0015539086502207185,1.4878100206679315e-06,1.9520001010309538e-07,0.0,0.0,0.0038069357386079257,1.4046217707270486e-05,0.01748601165960851,1.7731174053794933e-05,1.1323489351442564e-06,0.0,0.0006859899708485848,0.006364298325680595,0.06564372378652573,0.0,7.836224995960941e-05,0.0,0.0,0.0005173781702229195,0.04044840468149435,3.823476286801234e-06,0.00024258086279765122,8.794765792890954e-05,0.0,0.0,5.743304507473217e-07,0.0,0.040796323624721784,5.6771170094454285e-05
NOR,0.0,0.0,0.0,0.0,0.0,0.0,0.0,0.0,0.0,0.0,0.0,0.0,0.0,0.0,0.0,0.0,0.0,0.0,0.0,0.0,0.0,0.0,0.0,0.0,0.0,0.0,0.0,0.0,0.0,0.0,0.0,0.0,0.0,0.0,0.0,0.0,0.0,0.0,0.0,0.0,0.0,0.0,0.0,0.0,0.0,0.0,0.0,0.0,0.0,0.0,0.0,0.0,0.0,0.0,0.0,0.0,0.0,0.0,0.0,0.0,0.0,0.0,0.0,0.0,0.0,0.0,0.0,0.0,0.0,0.0,0.0,0.0,0.0,0.0,0.0,0.0,0.0,0.0,0.0,0.0,0.0,0.0,0.0,0.0,0.0,0.0,0.0,0.0,0.0,0.0,0.0,0.0,0.0,0.0,0.0,0.0,0.0,0.0,0.0,0.0,0.0,0.0,0.0,0.0,0.0
GEO,0.0,0.0,0.0,0.0,0.0,0.0,0.0,0.0,0.0,0.0,0.0,0.0,0.0,0.0,0.0,0.0,0.0,0.0,0.0,0.0,0.0,0.0,0.0,0.0,0.0,0.0,0.0,0.0,0.0,0.0,0.0,0.0,0.0,0.0,0.0,0.0,0.0,0.0,0.0,0.0,0.0,0.0,0.0,0.0,0.0,0.0,0.0,0.0,0.0,0.0,0.0,0.0,0.0,0.0,0.0,0.0,0.0,0.0,0.0,0.0,0.0,0.0,0.0,0.0,0.0,0.0,0.0,0.0,0.0,0.0,0.0,0.0,0.0,0.0,0.0,0.0,0.0,0.0,0.0,0.0,0.0,0.0,0.0,0.0,0.0,0.0,0.0,0.0,0.0,0.0,0.0,0.0,0.0,0.0,0.0,0.0,0.0,0.0,0.0,0.0,0.0,0.0,0.0,0.0,0.0
ARG,0.0,0.0,0.0,0.0,0.0,0.0,0.0,0.0,0.0,0.0,0.0,0.0,0.0,0.0,0.0,0.0,0.0,0.0,0.0,0.0,0.0,0.0,0.0,0.0,0.0,0.0,0.0,0.0,0.0,0.0,0.0,0.0,0.0,0.0,0.0,0.0,0.0,0.0,0.0,0.0,0.0,0.0,0.0,0.0,0.0,0.0,0.0,0.0,0.0,0.0,0.0,0.0,0.0,0.0,0.0,0.0,0.0,0.0,0.0,0.0,0.0,0.0,0.0,0.0,0.0,0.0,0.0,0.0,0.0,0.0,0.0,0.0,0.0,0.0,0.0,0.0,0.0,0.0,0.0,0.0,0.0,0.0,0.0,0.0,0.0,0.0,0.0,0.0,0.0,0.0,0.0,0.0,0.0,0.0,0.0,0.0,0.0,0.0,0.0,0.0,0.0,0.0,0.0,0.0,0.0
GUY,0.0,0.0,0.0,0.0,0.0,0.0,0.0,0.0,0.0,0.0,0.0,0.0,0.0,0.0,0.0,0.0,0.0,0.0,0.0,0.0,0.0,0.0,0.0,0.0,0.0,0.0,0.0,0.0,0.0,0.0,0.0,0.0,0.0,0.0,0.0,0.0,0.0,0.0,0.0,0.0,0.0,0.0,0.0,0.0,0.0,0.0,0.0,0.0,0.0,0.0,0.0,0.0,0.0,0.0,0.0,0.0,0.0,0.0,0.0,0.0,0.0,0.0,0.0,0.0,0.0,0.0,0.0,0.0,0.0,0.0,0.0,0.0,0.0,0.0,0.0,0.0,0.0,0.0,0.0,0.0,0.0,0.0,0.0,0.0,0.0,0.0,0.0,0.0,0.0,0.0,0.0,0.0,0.0,0.0,0.0,0.0,0.0,0.0,0.0,0.0,0.0,0.0,0.0,0.0,0.0
MNE,0.0,0.0,0.0,0.0,0.0,0.0,0.0,0.0,0.0,0.0,0.0,0.0,0.0,0.0,0.0,0.0,0.0,0.0,0.0,0.0,0.0,0.0,0.0,0.0,0.0,0.0,0.0,0.0,0.0,0.0,0.0,0.0,0.0,0.0,0.0,0.0,0.0,0.0,0.0,0.0,0.0,0.0,0.0,0.0,0.0,0.0,0.0,0.0,0.0,0.0,0.0,0.0,0.0,0.0,0.0,0.0,0.0,0.0,0.0,0.0,0.0,0.0,0.0,0.0,0.0,0.0,0.0,0.0,0.0,0.0,0.0,0.0,0.0,0.0,0.0,0.0,0.0,0.0,0.0,0.0,0.0,0.0,0.0,0.0,0.0,0.0,0.0,0.0,0.0,0.0,0.0,0.0,0.0,0.0,0.0,0.0,0.0,0.0,0.0,0.0,0.0,0.0,0.0,0.0,0.0
PRT,0.0,0.0001686730531024707,0.00015784699647195192,0.004710397301042384,0.0,0.0009421046657750281,7.33967451260731e-05,4.059160092711439e-08,0.0,0.0,0.0,0.0004224939743629336,1.5057904816851773e-09,0.0,0.0,0.0,5.108538275180503e-06,0.0005812233846743204,0.0,0.04797455524901188,0.0,0.01718099393646197,0.0,0.0,0.0,0.0,0.0,0.00642109970774009,8.573008550129132e-07,3.5331261845012826e-10,0.0,0.0003453064051229957,1.1736153200366958e-05,0.04977266009443314,7.384942720643974e-06,0.004178425667901551,0.005546001684933359,7.45336720602596e-06,0.0029608154826249694,0.0,0.001202603946824637,2.7317383505010107e-05,1.1365539956012956e-07,2.2827675780589074e-13,1.21366707597723e-05,0.0,0.0,0.0,0.0,0.0,0.0,1.2344881004442971e-05,0.0,0.0,9.502110632429579e-05,2.3232114434199347e-07,0.03148967630192279,0.0,0.00023711296276579985,0.0,0.027742551452281782,0.05093366184288873,0.0,4.5960190261346875e-06,0.0,0.0,2.0750780534877926e-09,2.4091742374644215e-09,0.0,3.225391049022809e-07,0.0,0.0,4.155140911066711e-05,2.687826450709048e-06,0.02218843359762052,0.05278671734607401,0.0015509474098314695,4.808892749359844e-07,2.1469428235671466e-07,0.0,0.0,0.003549198587453078,1.9443912114331082e-05,0.028444553370436863,1.649686955613636e-05,6.550419465516692e-06,0.0,0.0005359809514865681,0.00680772624837738,0.019905143525048977,0.0,7.677649955391929e-05,0.0,0.0,0.0005936666189842153,0.031249279031259295,1.4528179935775734e-05,5.397438721029118e-05,3.373202013963798e-05,0.0,0.0,6.852409874086255e-07,0.0,0.03313687906863379,5.625719921842782e-05
MKD,0.0,0.0,0.0,0.0,0.0,0.0,0.0,0.0,0.0,0.0,0.0,0.0,0.0,0.0,0.0,0.0,0.0,0.0,0.0,0.0,0.0,0.0,0.0,0.0,0.0,0.0,0.0,0.0,0.0,0.0,0.0,0.0,0.0,0.0,0.0,0.0,0.0,0.0,0.0,0.0,0.0,0.0,0.0,0.0,0.0,0.0,0.0,0.0,0.0,0.0,0.0,0.0,0.0,0.0,0.0,0.0,0.0,0.0,0.0,0.0,0.0,0.0,0.0,0.0,0.0,0.0,0.0,0.0,0.0,0.0,0.0,0.0,0.0,0.0,0.0,0.0,0.0,0.0,0.0,0.0,0.0,0.0,0.0,0.0,0.0,0.0,0.0,0.0,0.0,0.0,0.0,0.0,0.0,0.0,0.0,0.0,0.0,0.0,0.0,0.0,0.0,0.0,0.0,0.0,0.0
NAM,0.0,0.0,0.0,0.0,0.0,0.0,0.0,0.0,0.0,0.0,0.0,0.0,0.0,0.0,0.0,0.0,0.0,0.0,0.0,0.0,0.0,0.0,0.0,0.0,0.0,0.0,0.0,0.0,0.0,0.0,0.0,0.0,0.0,0.0,0.0,0.0,0.0,0.0,0.0,0.0,0.0,0.0,0.0,0.0,0.0,0.0,0.0,0.0,0.0,0.0,0.0,0.0,0.0,0.0,0.0,0.0,0.0,0.0,0.0,0.0,0.0,0.0,0.0,0.0,0.0,0.0,0.0,0.0,0.0,0.0,0.0,0.0,0.0,0.0,0.0,0.0,0.0,0.0,0.0,0.0,0.0,0.0,0.0,0.0,0.0,0.0,0.0,0.0,0.0,0.0,0.0,0.0,0.0,0.0,0.0,0.0,0.0,0.0,0.0,0.0,0.0,0.0,0.0,0.0,0.0
PRY,0.0,0.0,0.0,0.0,0.0,0.0,0.0,0.0,0.0,0.0,0.0,0.0,0.0,0.0,0.0,0.0,0.0,0.0,0.0,0.0,0.0,0.0,0.0,0.0,0.0,0.0,0.0,0.0,0.0,0.0,0.0,0.0,0.0,0.0,0.0,0.0,0.0,0.0,0.0,0.0,0.0,0.0,0.0,0.0,0.0,0.0,0.0,0.0,0.0,0.0,0.0,0.0,0.0,0.0,0.0,0.0,0.0,0.0,0.0,0.0,0.0,0.0,0.0,0.0,0.0,0.0,0.0,0.0,0.0,0.0,0.0,0.0,0.0,0.0,0.0,0.0,0.0,0.0,0.0,0.0,0.0,0.0,0.0,0.0,0.0,0.0,0.0,0.0,0.0,0.0,0.0,0.0,0.0,0.0,0.0,0.0,0.0,0.0,0.0,0.0,0.0,0.0,0.0,0.0,0.0
SAU,0.0,0.0,0.0,0.0,0.0,0.0,0.0,0.0,0.0,0.0,0.0,0.0,0.0,0.0,0.0,0.0,0.0,0.0,0.0,0.0,0.0,0.0,0.0,0.0,0.0,0.0,0.0,0.0,0.0,0.0,0.0,0.0,0.0,0.0,0.0,0.0,0.0,0.0,0.0,0.0,0.0,0.0,0.0,0.0,0.0,0.0,0.0,0.0,0.0,0.0,0.0,0.0,0.0,0.0,0.0,0.0,0.0,0.0,0.0,0.0,0.0,0.0,0.0,0.0,0.0,0.0,0.0,0.0,0.0,0.0,0.0,0.0,0.0,0.0,0.0,0.0,0.0,0.0,0.0,0.0,0.0,0.0,0.0,0.0,0.0,0.0,0.0,0.0,0.0,0.0,0.0,0.0,0.0,0.0,0.0,0.0,0.0,0.0,0.0,0.0,0.0,0.0,0.0,0.0,0.0
LVA,0.0,0.0,0.0,0.0,0.0,0.0,0.0,0.0,0.0,0.0,0.0,0.0,0.0,0.0,0.0,0.0,0.0,0.0,0.0,0.0,0.0,0.0,0.0,0.0,0.0,0.0,0.0,0.0,0.0,0.0,0.0,0.0,0.0,0.0,0.0,0.0,0.0,0.0,0.0,0.0,0.0,0.0,0.0,0.0,0.0,0.0,0.0,0.0,0.0,0.0,0.0,0.0,0.0,0.0,0.0,0.0,0.0,0.0,0.0,0.0,0.0,0.0,0.0,0.0,0.0,0.0,0.0,0.0,0.0,0.0,0.0,0.0,0.0,0.0,0.0,0.0,0.0,0.0,0.0,0.0,0.0,0.0,0.0,0.0,0.0,0.0,0.0,0.0,0.0,0.0,0.0,0.0,0.0,0.0,0.0,0.0,0.0,0.0,0.0,0.0,0.0,0.0,0.0,0.0,0.0
MAR,0.0,0.0,0.0,0.0,0.0,0.0,0.0,0.0,0.0,0.0,0.0,0.0,0.0,0.0,0.0,0.0,0.0,0.0,0.0,0.0,0.0,0.0,0.0,0.0,0.0,0.0,0.0,0.0,0.0,0.0,0.0,0.0,0.0,0.0,0.0,0.0,0.0,0.0,0.0,0.0,0.0,0.0,0.0,0.0,0.0,0.0,0.0,0.0,0.0,0.0,0.0,0.0,0.0,0.0,0.0,0.0,0.0,0.0,0.0,0.0,0.0,0.0,0.0,0.0,0.0,0.0,0.0,0.0,0.0,0.0,0.0,0.0,0.0,0.0,0.0,0.0,0.0,0.0,0.0,0.0,0.0,0.0,0.0,0.0,0.0,0.0,0.0,0.0,0.0,0.0,0.0,0.0,0.0,0.0,0.0,0.0,0.0,0.0,0.0,0.0,0.0,0.0,0.0,0.0,0.0
MWI,0.0,0.0,0.0,0.0,0.0,0.0,0.0,0.0,0.0,0.0,0.0,0.0,0.0,0.0,0.0,0.0,0.0,0.0,0.0,0.0,0.0,0.0,0.0,0.0,0.0,0.0,0.0,0.0,0.0,0.0,0.0,0.0,0.0,0.0,0.0,0.0,0.0,0.0,0.0,0.0,0.0,0.0,0.0,0.0,0.0,0.0,0.0,0.0,0.0,0.0,0.0,0.0,0.0,0.0,0.0,0.0,0.0,0.0,0.0,0.0,0.0,0.0,0.0,0.0,0.0,0.0,0.0,0.0,0.0,0.0,0.0,0.0,0.0,0.0,0.0,0.0,0.0,0.0,0.0,0.0,0.0,0.0,0.0,0.0,0.0,0.0,0.0,0.0,0.0,0.0,0.0,0.0,0.0,0.0,0.0,0.0,0.0,0.0,0.0,0.0,0.0,0.0,0.0,0.0,0.0
KOR,0.0,0.0005048649898428755,2.8446138170878812e-06,0.013545699070001305,0.0,0.00010160017354990416,5.290106627737342e-06,4.1340387167365094e-08,0.0,0.0,0.0,0.00019332485141681586,4.1430336113337586e-12,0.0,0.0,0.0,2.7880604847827142e-05,0.0005049994581335848,0.0,0.0018183661221342093,0.0,0.0011999053074511106,0.0,0.0,0.0,0.0,0.0,0.00020695926866420522,6.350187392918621e-08,2.8584346236122355e-12,0.0,8.002607954420161e-05,3.7198239739904014e-05,0.05818409719623461,1.7846484605494678e-08,2.326739253002644e-05,0.0004428727923723455,5.227137983622058e-06,0.003708271902942617,0.0,0.0009244123720466388,3.8446050742055766e-07,8.989080124491459e-09,1.3714829518139306e-15,1.8034947492937196e-06,0.0,0.0,0.0,0.0,0.0,0.0,1.705756564999201e-07,0.0,0.0,9.740391546384746e-06,1.1143364530936518e-08,0.07487658053111863,0.0,4.711586574057538e-05,0.0,0.0018072999121710879,0.0009398270444333659,0.0,1.5390841493381552e-07,0.0,0.0,1.259692387014666e-10,5.3580507008240476e-11,0.0,9.785727819719962e-07,0.0,0.0,0.00034867231973709624,6.10735863234862e-08,0.0014093094873415249,0.21227031355850542,0.002261353243571046,8.701075426943589e-09,2.7202504236538174e-09,0.0,0.0,0.0002897907502521839,7.995914184560293e-06,0.005577232828631555,4.942356899478283e-05,1.0188808849101725e-07,0.0,0.0005212664771457174,0.004751361146813626,0.0037582638853559157,0.0,1.531772666735298e-05,0.0,0.0,0.00015676049049768051,0.05203845634906558,1.067144009202199e-06,2.3430032942081195e-06,2.729735811195591e-05,0.0,0.0,2.0506518546787235e-08,0.0,0.1305160739683651,1.4174783656902201e-05
BHR,0.0,0.0,0.0,0.0,0.0,0.0,0.0,0.0,0.0,0.0,0.0,0.0,0.0,0.0,0.0,0.0,0.0,0.0,0.0,0.0,0.0,0.0,0.0,0.0,0.0,0.0,0.0,0.0,0.0,0.0,0.0,0.0,0.0,0.0,0.0,0.0,0.0,0.0,0.0,0.0,0.0,0.0,0.0,0.0,0.0,0.0,0.0,0.0,0.0,0.0,0.0,0.0,0.0,0.0,0.0,0.0,0.0,0.0,0.0,0.0,0.0,0.0,0.0,0.0,0.0,0.0,0.0,0.0,0.0,0.0,0.0,0.0,0.0,0.0,0.0,0.0,0.0,0.0,0.0,0.0,0.0,0.0,0.0,0.0,0.0,0.0,0.0,0.0,0.0,0.0,0.0,0.0,0.0,0.0,0.0,0.0,0.0,0.0,0.0,0.0,0.0,0.0,0.0,0.0,0.0
VNM,0.0,4.240181938505274e-05,3.2439290456695415e-07,0.003786927918960398,0.0,7.018011743383777e-06,9.730025842693983e-07,1.9362322720858216e-09,0.0,0.0,0.0,0.00012308234726078648,1.9373997857716743e-13,0.0,0.0,0.0,6.806420774505167e-07,2.7198042556741943e-05,0.0,0.26512263573126443,0.0,0.0002003018860682139,0.0,0.0,0.0,0.0,0.0,1.603316844712137e-05,2.580497623566295e-09,1.9204025917174443e-13,0.0,2.949086701854494e-05,2.6333746314319284e-06,0.00397307568712917,5.922420496836434e-10,3.561739132066444e-06,5.1656188274361374e-05,1.0394941615583574e-05,0.00036648772453265526,0.0,0.0008318886023194924,2.621643163608922e-08,2.0439901088955894e-09,1.0762478090191519e-17,1.3103381183505636e-07,0.0,0.0,0.0,0.0,0.0,0.0,2.6086867574732846e-09,0.0,0.0,2.137543300137621e-06,3.5049284551836184e-09,0.02175156197925276,0.0,2.29387346786525e-05,0.0,0.007706885010562202,0.00020773546357385128,0.0,4.403546047118741e-08,0.0,0.0,4.135298657028726e-11,1.813224420288769e-11,0.0,5.01506533411338e-08,0.0,0.0,3.382898255027459e-05,8.77408596450705e-09,0.0003293089296581996,0.04753081248664767,0.00019577910223209815,9.82790633900271e-10,7.144850607471382e-10,0.0,0.0,0.00012045978216141895,1.861165443097049e-06,0.0011560629336977604,2.5327787965037935e-06,7.376722278876326e-08,0.0,5.582288573535824e-05,0.0005067231521101097,0.0014228219255876902,0.0,6.085075538399058e-06,0.0,0.0,6.3349733804921e-05,0.028100775794164173,9.454023539366816e-08,2.1889278723706487e-06,9.890682397788257e-07,0.0,0.0,3.1974278906536994e-09,0.0,0.046335257556573285,1.8112807874598675e-06
DZA,0.0,0.0,0.0,0.0,0.0,0.0,0.0,0.0,0.0,0.0,0.0,0.0,0.0,0.0,0.0,0.0,0.0,0.0,0.0,0.0,0.0,0.0,0.0,0.0,0.0,0.0,0.0,0.0,0.0,0.0,0.0,0.0,0.0,0.0,0.0,0.0,0.0,0.0,0.0,0.0,0.0,0.0,0.0,0.0,0.0,0.0,0.0,0.0,0.0,0.0,0.0,0.0,0.0,0.0,0.0,0.0,0.0,0.0,0.0,0.0,0.0,0.0,0.0,0.0,0.0,0.0,0.0,0.0,0.0,0.0,0.0,0.0,0.0,0.0,0.0,0.0,0.0,0.0,0.0,0.0,0.0,0.0,0.0,0.0,0.0,0.0,0.0,0.0,0.0,0.0,0.0,0.0,0.0,0.0,0.0,0.0,0.0,0.0,0.0,0.0,0.0,0.0,0.0,0.0,0.0
LBN,0.0,0.0,0.0,0.0,0.0,0.0,0.0,0.0,0.0,0.0,0.0,0.0,0.0,0.0,0.0,0.0,0.0,0.0,0.0,0.0,0.0,0.0,0.0,0.0,0.0,0.0,0.0,0.0,0.0,0.0,0.0,0.0,0.0,0.0,0.0,0.0,0.0,0.0,0.0,0.0,0.0,0.0,0.0,0.0,0.0,0.0,0.0,0.0,0.0,0.0,0.0,0.0,0.0,0.0,0.0,0.0,0.0,0.0,0.0,0.0,0.0,0.0,0.0,0.0,0.0,0.0,0.0,0.0,0.0,0.0,0.0,0.0,0.0,0.0,0.0,0.0,0.0,0.0,0.0,0.0,0.0,0.0,0.0,0.0,0.0,0.0,0.0,0.0,0.0,0.0,0.0,0.0,0.0,0.0,0.0,0.0,0.0,0.0,0.0,0.0,0.0,0.0,0.0,0.0,0.0
ZWE,0.0,0.0,0.0,0.0,0.0,0.0,0.0,0.0,0.0,0.0,0.0,0.0,0.0,0.0,0.0,0.0,0.0,0.0,0.0,0.0,0.0,0.0,0.0,0.0,0.0,0.0,0.0,0.0,0.0,0.0,0.0,0.0,0.0,0.0,0.0,0.0,0.0,0.0,0.0,0.0,0.0,0.0,0.0,0.0,0.0,0.0,0.0,0.0,0.0,0.0,0.0,0.0,0.0,0.0,0.0,0.0,0.0,0.0,0.0,0.0,0.0,0.0,0.0,0.0,0.0,0.0,0.0,0.0,0.0,0.0,0.0,0.0,0.0,0.0,0.0,0.0,0.0,0.0,0.0,0.0,0.0,0.0,0.0,0.0,0.0,0.0,0.0,0.0,0.0,0.0,0.0,0.0,0.0,0.0,0.0,0.0,0.0,0.0,0.0,0.0,0.0,0.0,0.0,0.0,0.0
SWZ,0.0,0.0,0.0,0.0,0.0,0.0,0.0,0.0,0.0,0.0,0.0,0.0,0.0,0.0,0.0,0.0,0.0,0.0,0.0,0.0,0.0,0.0,0.0,0.0,0.0,0.0,0.0,0.0,0.0,0.0,0.0,0.0,0.0,0.0,0.0,0.0,0.0,0.0,0.0,0.0,0.0,0.0,0.0,0.0,0.0,0.0,0.0,0.0,0.0,0.0,0.0,0.0,0.0,0.0,0.0,0.0,0.0,0.0,0.0,0.0,0.0,0.0,0.0,0.0,0.0,0.0,0.0,0.0,0.0,0.0,0.0,0.0,0.0,0.0,0.0,0.0,0.0,0.0,0.0,0.0,0.0,0.0,0.0,0.0,0.0,0.0,0.0,0.0,0.0,0.0,0.0,0.0,0.0,0.0,0.0,0.0,0.0,0.0,0.0,0.0,0.0,0.0,0.0,0.0,0.0
ISL,0.0,0.0,0.0,0.0,0.0,0.0,0.0,0.0,0.0,0.0,0.0,0.0,0.0,0.0,0.0,0.0,0.0,0.0,0.0,0.0,0.0,0.0,0.0,0.0,0.0,0.0,0.0,0.0,0.0,0.0,0.0,0.0,0.0,0.0,0.0,0.0,0.0,0.0,0.0,0.0,0.0,0.0,0.0,0.0,0.0,0.0,0.0,0.0,0.0,0.0,0.0,0.0,0.0,0.0,0.0,0.0,0.0,0.0,0.0,0.0,0.0,0.0,0.0,0.0,0.0,0.0,0.0,0.0,0.0,0.0,0.0,0.0,0.0,0.0,0.0,0.0,0.0,0.0,0.0,0.0,0.0,0.0,0.0,0.0,0.0,0.0,0.0,0.0,0.0,0.0,0.0,0.0,0.0,0.0,0.0,0.0,0.0,0.0,0.0,0.0,0.0,0.0,0.0,0.0,0.0
HKG,0.0,0.0001702908382724428,0.00022213325798912516,0.0004940881161490493,0.0,8.222117138872384e-05,1.4726777993907538e-05,6.455609155470584e-09,0.0,0.0,0.0,0.0002753144392574954,1.1474192689682127e-14,0.0,0.0,0.0,2.494467113735617e-07,1.0795154612066186e-05,0.0,0.13733496673255627,0.0,0.013576969517320516,0.0,0.0,0.0,0.0,0.0,1.1370162233327264e-06,2.1141247369641798e-07,3.2065294087819192e-09,0.0,6.412801179632689e-06,1.7297510835979411e-06,0.046117543186304524,2.4005799189254734e-06,6.279308654656498e-07,1.827172615164004e-05,1.5919108010397386e-06,0.00029861276109300483,0.0,0.00017859088282546793,1.08065425064657e-08,7.898416598358694e-10,4.904790377672514e-14,2.865907502164015e-07,0.0,0.0,0.0,0.0,0.0,0.0,3.1024997768973124e-06,0.0,0.0,8.185067572119032e-07,3.8434757851854895e-06,0.0032501795204022727,0.0,2.2829020351489538e-05,0.0,0.033806025497444846,0.0009316738361397857,0.0,0.00016894467712720923,0.0,0.0,1.3933835855833e-14,1.3941160310277162e-11,0.0,2.1815738883966298e-08,0.0,0.0,3.101607593644008e-05,8.008382557307621e-05,3.8614817299154366e-05,0.030641866217002014,0.0014926244239772716,1.2057827725651386e-11,1.1301091851595505e-05,0.0,0.0,0.0005416523269982881,6.035177114661535e-06,0.0004351336264840058,1.1017201691221735e-06,3.8533863214767484e-07,0.0,1.0524666775418868e-05,0.001630071244115136,5.949654401973329e-05,0.0,1.9302888775744528e-07,0.0,0.0,1.5874992766550637e-06,0.13955654637993642,1.6735752190299008e-06,1.2777662157721073e-05,2.3176335948713269e-07,0.0,0.0,2.5206411554565205e-09,0.0,0.03399898554447425,1.2070554139306717e-06
TUR,0.0,0.0001617224172456881,0.0001043151335342337,0.005201385669423826,0.0,0.002539153588618252,9.910169396635844e-05,4.097489472161405e-08,0.0,0.0,0.0,0.0004952734694371666,2.959121965690784e-10,0.0,0.0,0.0,5.271722704738848e-06,0.0003995800679950142,0.0,0.04688042450758287,0.0,0.015465605969348564,0.0,0.0,0.0,0.0,0.0,0.006461062329440587,5.97548855873707e-07,3.3477747553563406e-10,0.0,0.00019733950691069705,1.0747502763482556e-05,0.039023592026043386,1.2106359365351546e-06,0.0005550356798118551,0.013892572210429723,0.000315290853724606,0.0020266282515814396,0.0,0.0015213859541823552,5.40087471665147e-06,1.327465893710655e-06,2.2180868127456512e-13,0.0007362380455847965,0.0,0.0,0.0,0.0,0.0,0.0,8.364386580900219e-06,0.0,0.0,0.00010895859850273458,2.6038660195570666e-07,0.02949106000629617,0.0,0.00022986029834039557,0.0,0.021315789532909867,0.017230523422810798,0.0,0.00026353034445801587,0.0,0.0,2.396922129243303e-09,9.493232163611884e-09,0.0,3.1462925470367114e-07,0.0,0.0,4.2443327872803445e-05,2.306310484883461e-06,0.014165678957314973,0.04934444826112877,0.0013757823884489523,3.134791883604111e-07,1.9852034660229749e-07,0.0,0.0,0.0028396185362152032,2.6024486956600328e-05,0.013392523938839586,1.6575215504893556e-05,4.743452327702976e-06,0.0,0.0004872964448282464,0.006692889139144906,0.015360384822295087,0.0,0.00012249240662436507,0.0,0.0,0.0006388039294070101,0.03223620339068127,8.986567057791299e-06,0.00019556133145703296,2.660809646232446e-05,0.0,0.0,5.67328837186506e-07,0.0,0.028865510499088413,0.0001579367930870084
RUS,0.0,3.3494827380164315e-05,0.0,0.0,0.0,0.013671815231716304,0.00023551901349100967,5.049672568658869e-06,0.0,0.0,0.0,0.0,0.0,0.0,0.0,0.0,0.0034650327778542184,0.0,0.0,0.04201393729442486,0.0,0.05049991426937595,0.0,0.0,0.0,0.0,0.0,0.03832313185342496,0.0,0.0,0.0,0.0,0.0,0.0,0.0,0.00021760213353311367,0.04460408958669863,0.0003744231476165982,0.0005966118190805972,0.0,0.002070331890277799,0.007498457288361316,0.0,0.0003092107805801518,0.002624798115268541,0.0,0.0,0.0,0.0,0.0,0.0,0.0,0.0,0.0,0.0,0.0,0.0,0.0,0.0,0.0,0.0,0.06924093752659659,0.0,0.0011681356963996127,0.0,0.0,4.543439729593216e-06,0.0,0.0,0.0,0.0,0.0,0.028773684189727762,0.0,0.018055189610519252,0.029260849153122805,0.0,0.0,0.0,0.0,0.0,0.0005050794490086041,0.0,0.009070478883605598,0.0,0.0,0.0,0.0,0.00034803439268883213,0.006332491552184592,0.0,0.008408496328701746,0.0,0.0,0.0012387151576771457,0.013077597073046001,0.0,0.003776817136731883,0.0035075375236202815,0.0,0.0,0.0,0.0,0.005687993184981056,0.0
AND,0.0,0.0,0.0,0.0,0.0,0.0,0.0,0.0,0.0,0.0,0.0,0.0,0.0,0.0,0.0,0.0,0.0,0.0,0.0,0.0,0.0,0.0,0.0,0.0,0.0,0.0,0.0,0.0,0.0,0.0,0.0,0.0,0.0,0.0,0.0,0.0,0.0,0.0,0.0,0.0,0.0,0.0,0.0,0.0,0.0,0.0,0.0,0.0,0.0,0.0,0.0,0.0,0.0,0.0,0.0,0.0,0.0,0.0,0.0,0.0,0.0,0.0,0.0,0.0,0.0,0.0,0.0,0.0,0.0,0.0,0.0,0.0,0.0,0.0,0.0,0.0,0.0,0.0,0.0,0.0,0.0,0.0,0.0,0.0,0.0,0.0,0.0,0.0,0.0,0.0,0.0,0.0,0.0,0.0,0.0,0.0,0.0,0.0,0.0,0.0,0.0,0.0,0.0,0.0,0.0
DNK,0.0,9.859394102134035e-05,0.00010502700181246136,0.0028878179221575773,0.0,0.0006900421528257362,4.460660714928554e-05,2.5996260071283514e-08,0.0,0.0,0.0,0.00024982050279452687,5.434663686924297e-09,0.0,0.0,0.0,3.024372801003401e-06,0.0002501407004099291,0.0,0.02539524311679445,0.0,0.009626616706773838,0.0,0.0,0.0,0.0,0.0,0.0016824602790092003,6.084992317010968e-07,8.774695839996944e-09,0.0,0.00012024690130977424,9.73158869940705e-06,0.025764649409493565,4.442565285234317e-07,0.00022490022652982852,0.002587621283179814,6.586838452479791e-06,0.0023214863335112913,0.0,0.0007165261252972504,9.569715139154814e-05,9.177530618684792e-08,6.0274466835736594e-12,1.1431563919462477e-05,0.0,0.0,0.0,0.0,0.0,0.0,8.80900002379778e-06,0.0,0.0,5.495801191775283e-05,1.4164017593835818e-07,0.018301462243454608,0.0,0.000142369986683363,0.0,0.013790730698566445,0.020233837438717,0.0,2.2258052120996447e-06,0.0,0.0,1.4775481633967312e-09,2.33391314148665e-09,0.0,1.8867296162668508e-07,0.0,0.0,2.3639109615397127e-05,1.3420285727486148e-06,0.014066310427066318,0.028648291208341094,0.0008300561618793265,3.2376055310193944e-07,5.0954640450451575e-06,0.0,0.0,0.002049823179872104,1.2718200393495644e-05,0.009284988382651153,9.67066388421292e-06,2.027756375351048e-06,0.0,0.000310921361619335,0.0035758793333521034,0.010846525453853156,0.0,5.0052746112520773e-05,0.0,0.0,0.0003781176111065639,0.017311247753521383,9.369432934364622e-06,4.803681751542108e-05,1.8447105874086067e-05,0.0,0.0,4.2818964581889325e-07,0.0,0.01750786233060768,0.00024748043127886555
GRC,0.0,0.0,0.0,0.0,0.0,0.0,0.0,0.0,0.0,0.0,0.0,0.0,0.0,0.0,0.0,0.0,0.0,0.0,0.0,0.0,0.0,0.0,0.0,0.0,0.0,0.0,0.0,0.0,0.0,0.0,0.0,0.0,0.0,0.0,0.0,0.0,0.0,0.0,0.0,0.0,0.0,0.0,0.0,0.0,0.0,0.0,0.0,0.0,0.0,0.0,0.0,0.0,0.0,0.0,0.0,0.0,0.0,0.0,0.0,0.0,0.0,0.0,0.0,0.0,0.0,0.0,0.0,0.0,0.0,0.0,0.0,0.0,0.0,0.0,0.0,0.0,0.0,0.0,0.0,0.0,0.0,0.0,0.0,0.0,0.0,0.0,0.0,0.0,0.0,0.0,0.0,0.0,0.0,0.0,0.0,0.0,0.0,0.0,0.0,0.0,0.0,0.0,0.0,0.0,0.0
MYS,0.0,9.609721844737478e-05,1.750118096751708e-05,0.0016370892538705114,0.0,0.0002664204225023322,0.0005005388448104573,1.3928746566793958e-08,0.0,0.0,0.0,0.00040426648828220516,1.280663767321552e-11,0.0,0.0,0.0,1.8881916153823913e-06,9.004794133989475e-05,0.0,0.03419757324607364,0.0,0.11288626430796946,0.0,0.0,0.0,0.0,0.0,0.0005839835143143918,7.375509848064972e-08,1.5093690625816954e-11,0.0,5.4287436948166536e-05,7.738884355427682e-06,0.008578592560792742,6.216057573909868e-08,4.582742419303278e-05,0.0010044566986409198,2.803157503199634e-06,0.0018727035547255499,0.0,0.0005781744188004882,3.4746789876362167e-07,4.706101426285214e-08,7.147087668620627e-15,1.2649635836711984e-05,0.0,0.0,0.0,0.0,0.0,0.0,8.611356405083354e-07,0.0,0.0,7.917453847973945e-05,6.977415829710764e-08,0.053624723913112134,0.0,0.00010845180148783806,0.0,0.044191309585485436,0.0051898015612346785,0.0,9.659892692215636e-07,0.0,0.0,7.896362192069622e-10,5.037864028296618e-10,0.0,7.351843068354326e-08,0.0,0.0,1.635360203273468e-05,2.85544430609255e-07,0.00404119219946111,0.02004136913489425,0.0019118358931384679,5.351860905328157e-08,1.4288019791769493e-08,0.0,0.0,0.020718022213332916,5.58166474257648e-06,0.006131241598450748,3.91346198427214e-06,7.72912787795819e-07,0.0,0.0002306159107791007,0.01872199297660555,0.008245168865318415,0.0,4.020221748921285e-05,0.0,0.0,0.0003592759005095577,0.013756636716471553,3.435249563556969e-06,1.895045350048068e-05,7.703400240779557e-06,0.0,0.0,1.1816611133023771e-06,0.0,0.06612068678875796,5.051419841941674e-05
LKA,0.0,0.0,0.0,0.0,0.0,0.0,0.0,0.0,0.0,0.0,0.0,0.0,0.0,0.0,0.0,0.0,0.0,0.0,0.0,0.0,0.0,0.0,0.0,0.0,0.0,0.0,0.0,0.0,0.0,0.0,0.0,0.0,0.0,0.0,0.0,0.0,0.0,0.0,0.0,0.0,0.0,0.0,0.0,0.0,0.0,0.0,0.0,0.0,0.0,0.0,0.0,0.0,0.0,0.0,0.0,0.0,0.0,0.0,0.0,0.0,0.0,0.0,0.0,0.0,0.0,0.0,0.0,0.0,0.0,0.0,0.0,0.0,0.0,0.0,0.0,0.0,0.0,0.0,0.0,0.0,0.0,0.0,0.0,0.0,0.0,0.0,0.0,0.0,0.0,0.0,0.0,0.0,0.0,0.0,0.0,0.0,0.0,0.0,0.0,0.0,0.0,0.0,0.0,0.0,0.0
ESP,0.0,0.00028399334886527447,0.0002081552169008457,0.005868232316654275,0.0,0.0021084420171876956,8.533585907249628e-05,6.819465593037084e-08,0.0,0.0,0.0,0.0005182487144564138,4.082990880360552e-08,0.0,0.0,0.0,1.2550193967336117e-05,0.0005785555513297355,0.0,0.05161273073451707,0.0,0.019221739925254368,0.0,0.0,0.0,0.0,0.0,0.0046555262706057835,1.1455844353740087e-06,2.508098399579983e-10,0.0,0.0002920583118828199,1.6436947122187258e-05,0.056277091583101464,0.0002078560738397261,0.0003839949093744043,0.010496219367514688,1.9421731041878646e-05,0.007325319701598039,0.0,0.0013633579452113807,0.0007445246654111768,1.840508900457429e-07,1.4468014760893292e-13,4.539006512304235e-05,0.0,0.0,0.0,0.0,0.0,0.0,1.621659314458609e-05,0.0,0.0,0.00010397514981346183,2.397404255254549e-07,0.038118441114997986,0.0,0.00027706353244443823,0.0,0.02993192815147172,0.05575066959932498,0.0,4.225020732269647e-06,0.0,0.0,2.3475968068927726e-09,4.631721176240012e-09,0.0,3.7598479197832117e-07,0.0,0.0,4.273560087592021e-05,3.4163440852898457e-06,0.029957455822605814,0.06364345098925711,0.0017254688926136288,6.404794045104376e-07,1.5912614134716905e-07,0.0,0.0,0.0035536976035856187,2.128846252639884e-05,0.02462840678247328,1.9172248019089707e-05,0.00015489596165514888,0.0,0.0006044104027117104,0.0077322121637576615,0.0214020797167813,0.0,9.270152730735467e-05,0.0,0.0,0.0006978570030438489,0.03861465016544779,6.227650549143766e-06,0.00010259233406259269,3.192623210982376e-05,0.0,0.0,6.543997652358192e-07,0.0,0.04717474665728088,0.00028587631261857617
CHN,0.0,1.7321978171861644e-05,1.387414489390355e-07,0.005718144764564049,0.0,3.204608425426229e-07,7.471570283364442e-06,3.162925335740499e-11,0.0,0.0,0.0,0.0005420645393815903,1.0558922435749707e-14,0.0,0.0,0.0,5.074706118988019e-09,0.0002739791279109827,0.0,0.1642747604606285,0.0,0.007578442173533279,0.0,0.0,0.0,0.0,0.0,0.0678872501517159,8.810219812348817e-11,7.544891568982582e-13,0.0,2.359538619549584e-05,5.751067966013306e-08,0.047767250537710186,7.03718217729474e-06,8.467088173313033e-07,3.314046444408686e-07,1.5613179893723425e-08,8.554213979992682e-06,0.0,9.827536904267426e-05,3.339418876244592e-09,5.518288254559401e-10,0.0,4.798157882407901e-09,0.0,0.0,0.0,0.0,0.0,0.0,7.639446344745261e-10,0.0,0.0,2.2957572491572787e-08,2.3619941313797294e-09,0.011346456449745643,0.0,3.5399194113977596e-07,0.0,0.013762607415796482,0.0027378382029980453,0.0,1.0320141785550456e-07,0.0,0.0,2.33922866024344e-13,4.436432818724017e-11,0.0,7.656516376927763e-10,0.0,0.0,2.355725834559409e-06,4.890434609836804e-08,8.417921520261011e-06,0.023643700020231136,0.00045211428947305207,1.0367139349206755e-11,6.903061833516984e-09,0.0,0.0,0.00023699991165120393,3.193190765476906e-08,2.1211913983311084e-05,3.870100733038953e-08,1.833419181093319e-09,0.0,8.954926727016537e-07,2.2310832020098985e-05,2.3866351914447356e-05,0.0,0.00029812799949052607,0.0,0.0,1.0457019292412533e-06,0.022442089884974044,2.539899647312099e-09,0.0002328489618932226,6.589108742373683e-09,0.0,0.0,3.4831275636783416e-10,0.0,0.03502339849100648,1.7219619597102817e-05
HUN,0.0,0.0001343454676047435,0.0003380204159739023,0.004190974690884458,0.0,0.0012485102049321092,9.204784061571226e-05,1.952357316387556e-08,0.0,0.0,0.0,0.0005319849017958008,2.455324568778271e-08,0.0,0.0,0.0,2.592916561930862e-06,0.0006972563109854627,0.0,0.05768448114113232,0.0,0.017999149018474405,0.0,0.0,0.0,0.0,0.0,0.00970987316067369,1.5975705240733653e-06,6.071371396757758e-10,0.0,0.001853723248096881,8.868224850779071e-05,0.06414564174751913,7.486015409146592e-07,0.0005357418479799282,0.009256714971481337,4.264280865225174e-06,0.0034074460521630904,0.0,0.000996782201890145,0.0004914958030113523,2.1989065146016936e-06,1.6833229696184396e-13,3.144064101511619e-05,0.0,0.0,0.0,0.0,0.0,0.0,2.4028880530484255e-05,0.0,0.0,0.0001945908782550046,2.4286568784735596e-07,0.03195021473684045,0.0,0.00019224139321899394,0.0,0.03922665807667105,0.11965631459583259,0.0,5.258979249775411e-06,0.0,0.0,2.0365179932514496e-09,3.168241407412748e-09,0.0,2.5588615123354235e-07,0.0,0.0,3.407678332131989e-05,4.12653952507761e-06,0.0525562471899686,0.05743675751489866,0.001490945070701243,1.0398499741295054e-06,4.602079120981495e-07,0.0,0.0,0.004339103802481714,8.338502455154725e-05,0.03976718275754499,1.3059216874323316e-05,2.5092925304905867e-05,0.0,0.00042434391450909376,0.007083075091003648,0.014553535549558008,0.0,0.0046963153735497,0.0,0.0,0.0006849414064013568,0.039469754404198684,4.322368701198782e-06,8.536836154752931e-05,2.198610469162879e-05,0.0,0.0,5.590693376588785e-07,0.0,0.03835753099528953,0.0011508482957548662
BEL,0.0,0.0002052067685477235,0.00016878547884989972,0.002625039072971252,0.0,0.00014407913730931791,4.104609631206931e-05,5.4781018024118474e-08,0.0,0.0,0.0,0.0002585257659585505,1.329087029027188e-10,0.0,0.0,0.0,2.964983583543891e-06,0.0003874441321565041,0.0,0.025422628144792885,0.0,0.010226709354225974,0.0,0.0,0.0,0.0,0.0,0.0022712741497398947,9.98448436294183e-07,1.4209471658850714e-10,0.0,0.0001242156375250562,6.668169771202846e-06,0.026103885316258887,5.675087607033816e-07,0.00028069748114826126,0.003866891704654106,8.109710099205593e-06,0.0011802075819534123,0.0,0.0006474747860928883,2.384590807319984e-06,7.829489600535488e-08,9.565064753495204e-14,7.27279587167197e-06,0.0,0.0,0.0,0.0,0.0,0.0,1.4210206179380482e-05,0.0,0.0,5.464307884642556e-05,1.4815702524221244e-07,0.018307043006878833,0.0,0.0001312599590258456,0.0,0.013447360124069831,0.012739955843239465,0.0,2.4566278580857027e-06,0.0,0.0,1.4767547107610727e-09,2.1943793489154428e-09,0.0,1.850547486061286e-07,0.0,0.0,2.3668528242851033e-05,1.920651716516339e-06,0.02256073320978061,0.02811906965483663,0.0008315807483490624,5.215360288136902e-07,7.995720371066059e-08,0.0,0.0,0.0018199697740334106,1.1494066538622313e-05,0.009619121006934458,9.472398502228762e-06,1.0643669590227022e-06,0.0,0.0003083012720716395,0.0036001056435610436,0.00909869542778123,0.0,5.0806069647965896e-05,0.0,0.0,0.00037811187262256593,0.017973927734868837,3.524886693540342e-06,4.520955510059597e-05,1.5785926619256435e-05,0.0,0.0,3.7905252970514726e-07,0.0,0.016899683100313145,2.7606248338586592e-05
BOL,0.0,0.0,0.0,0.0,0.0,0.0,0.0,0.0,0.0,0.0,0.0,0.0,0.0,0.0,0.0,0.0,0.0,0.0,0.0,0.0,0.0,0.0,0.0,0.0,0.0,0.0,0.0,0.0,0.0,0.0,0.0,0.0,0.0,0.0,0.0,0.0,0.0,0.0,0.0,0.0,0.0,0.0,0.0,0.0,0.0,0.0,0.0,0.0,0.0,0.0,0.0,0.0,0.0,0.0,0.0,0.0,0.0,0.0,0.0,0.0,0.0,0.0,0.0,0.0,0.0,0.0,0.0,0.0,0.0,0.0,0.0,0.0,0.0,0.0,0.0,0.0,0.0,0.0,0.0,0.0,0.0,0.0,0.0,0.0,0.0,0.0,0.0,0.0,0.0,0.0,0.0,0.0,0.0,0.0,0.0,0.0,0.0,0.0,0.0,0.0,0.0,0.0,0.0,0.0,0.0
CHE,0.0,0.0006453364196024686,0.00014677454616110916,0.0034147031041983854,0.0,0.0003704702740443712,5.3108640328096665e-05,1.732688566914793e-07,0.0,0.0,0.0,0.00031992417121484235,2.1802248005106025e-10,0.0,0.0,0.0,3.90178315101177e-06,0.0006006816612035964,0.0,0.03386471007424492,0.0,0.012424715174263044,0.0,0.0,0.0,0.0,0.0,0.0022269227094284323,1.0229374509787274e-06,1.4388231423755353e-10,0.0,0.00014948192857513638,9.680964397391027e-06,0.033273469797241745,9.382816333940376e-07,0.0004985102105738252,0.0029781837001094645,2.4497576473994025e-05,0.002286696788014445,0.0,0.0008055049781220141,3.909664186784341e-06,1.6154815865801104e-07,9.571221314888695e-14,1.878757338536485e-05,0.0,0.0,0.0,0.0,0.0,0.0,1.2309692715189479e-05,0.0,0.0,0.0004358552705775563,1.7713415997268136e-07,0.02302533295084741,0.0,0.00016932068839056562,0.0,0.020375457519295263,0.02123722010768433,0.0,3.252506972040032e-06,0.0,0.0,1.8325873318390978e-09,2.486264186311332e-09,0.0,2.3297382960848334e-07,0.0,0.0,3.13463947618147e-05,1.8017072654874326e-06,0.019710660085447217,0.03560618320527023,0.0010422101309072597,4.5281199225203726e-07,8.242774944444605e-08,0.0,0.0,0.0056755039394692005,0.0006405698972583486,0.011494124600749323,1.2162187997277945e-05,1.5558047058293162e-06,0.0,0.00038548989394325176,0.00463965054906315,0.011917389508593881,0.0,6.255374407608739e-05,0.0,0.0,0.00047276057874600963,0.022177087959864235,6.14612906884548e-06,5.1507684581483095e-05,2.0593895137757443e-05,0.0,0.0,1.1956983091217158e-06,0.0,0.022818905774747756,9.07750112987167e-05
SVK,0.0,0.00020345366255218497,0.0001438626114067807,0.005262482889215175,0.0,0.00526598472346193,0.0002859675862224059,4.902641205799228e-08,0.0,0.0,0.0,0.0004676062733589436,5.49244746937336e-06,0.0,0.0,0.0,7.83948894068049e-06,0.00047179876972589343,0.0,0.06842882575380987,0.0,0.018179831731159564,0.0,0.0,0.0,0.0,0.0,0.0040859511529229495,7.879418688701715e-07,2.3243656031152134e-10,0.0,0.0002970418854715698,1.4075813805275494e-05,0.0533097556578265,7.574013351555465e-07,0.0003450715536700588,0.012667638807423689,3.398161464143531e-05,0.002671611265846276,0.0,0.001618886745704085,3.2236200256339856e-06,7.162271303154882e-06,1.4332107041354922e-13,0.004433210969382534,0.0,0.0,0.0,0.0,0.0,0.0,1.1063588289980636e-05,0.0,0.0,0.00012055665786990912,2.3460686750990827e-07,0.03560613964075934,0.0,0.00030210133343852255,0.0,0.025342227969518013,0.032328401476350424,0.0,8.545729386199175e-06,0.0,0.0,2.3822222654676814e-09,3.3003272940318243e-09,0.0,3.5682538472404444e-07,0.0,0.0,5.95299901040111e-05,9.35422126233016e-06,0.02071452725136372,0.058881834204181756,0.0015766594085757054,4.420752815777242e-07,1.4496224531468924e-07,0.0,0.0,0.005490122990409977,4.932216128279078e-05,0.01980644404265452,1.8350224122865397e-05,9.197887358898944e-06,0.0,0.0006217349136686704,0.008469892969312736,0.016998926584555808,0.0,0.00019681504988450875,0.0,0.0,0.0006711474523151695,0.03292275097796338,6.367836931548284e-06,7.326780694969214e-05,2.8203603744694945e-05,0.0,0.0,1.078339606911714e-06,0.0,0.0398580548861367,0.0001602047439858889
ROU,0.0,0.0006038625128745919,0.0002049598110045683,0.004377906185280065,0.0,0.0010182580500312504,0.00013587105411394732,1.419713994703178e-07,0.0,0.0,0.0,0.0003960058643407913,2.3935166632517945e-09,0.0,0.0,0.0,3.3909769755296017e-06,0.0006610736541615628,0.0,0.04917905154165527,0.0,0.01752662253982149,0.0,0.0,0.0,0.0,0.0,0.004824275781491973,0.0001013411810360552,2.8542535212184383e-10,0.0,0.0004721863297061379,1.2435593412141762e-05,0.05666656642868412,8.810414651318282e-07,0.0005690924133656063,0.006471792137804584,0.005815814838976929,0.005707926257840778,0.0,0.0013261069370005569,4.63268995088027e-05,1.4713829585204295e-07,1.364943105653787e-13,2.3090089450897882e-05,0.0,0.0,0.0,0.0,0.0,0.0,1.4932885269070046e-05,0.0,0.0,0.00011638764893061922,3.6614139400916205e-06,0.031909486177560537,0.0,0.000215470152197328,0.0,0.033436357885542084,0.0934123001969887,0.0,3.411975770975849e-06,0.0,0.0,7.658078930069597e-07,8.045960893281982e-09,0.0,2.774083988091113e-07,0.0,0.0,3.4445042495205705e-05,2.9546859977921734e-06,0.03100216569484096,0.05426261371700639,0.001458426959427711,5.626491208215826e-06,1.7232013770163928e-07,0.0,0.0,0.008129488198412476,2.4723995521328757e-05,0.034900584576451454,1.4442406411976748e-05,2.529307249350343e-06,0.0,0.0004894003012598526,0.009584728545650387,0.01691510816521855,0.0,0.00016333204648426734,0.0,0.0,0.0004930574474032822,0.03335094018695765,4.067093369916349e-05,0.0001847708537902156,2.1802653215839857e-05,0.0,0.0,1.4521832314868928e-06,0.0,0.03414217022492948,0.0009563951134412611
UZB,0.0,0.0,0.0,0.0,0.0,0.0,0.0,0.0,0.0,0.0,0.0,0.0,0.0,0.0,0.0,0.0,0.0,0.0,0.0,0.0,0.0,0.0,0.0,0.0,0.0,0.0,0.0,0.0,0.0,0.0,0.0,0.0,0.0,0.0,0.0,0.0,0.0,0.0,0.0,0.0,0.0,0.0,0.0,0.0,0.0,0.0,0.0,0.0,0.0,0.0,0.0,0.0,0.0,0.0,0.0,0.0,0.0,0.0,0.0,0.0,0.0,0.0,0.0,0.0,0.0,0.0,0.0,0.0,0.0,0.0,0.0,0.0,0.0,0.0,0.0,0.0,0.0,0.0,0.0,0.0,0.0,0.0,0.0,0.0,0.0,0.0,0.0,0.0,0.0,0.0,0.0,0.0,0.0,0.0,0.0,0.0,0.0,0.0,0.0,0.0,0.0,0.0,0.0,0.0,0.0
POL,0.0,0.00018584725561676855,0.0005171316329914103,0.00496737291733386,0.0,0.0017800712667347032,0.0001370669243849443,3.599181209976884e-08,0.0,0.0,0.0,0.0005308977752659376,1.0319408722259995e-09,0.0,0.0,0.0,5.064256306418072e-06,0.0006495815365512334,0.0,0.07185298788241144,0.0,0.022335263683856462,0.0,0.0,0.0,0.0,0.0,0.011484690039256592,2.791470035220676e-06,1.023623609188588e-09,0.0,0.002755944474978722,1.196819730616736e-05,0.06460288548679753,2.7536118759577014e-06,0.0015424205928748819,0.021273959474572092,0.0011546270329543832,0.0038902399206723576,0.0,0.0020100342137683506,2.0482224269677287e-05,0.00031229974556849137,4.723935494075221e-13,1.0217523710983514e-05,0.0,0.0,0.0,0.0,0.0,0.0,3.9344298176376725e-05,0.0,0.0,0.00013497767650079776,2.2054137195922486e-07,0.03440687061466771,0.0,0.001192233825544425,0.0,0.037905499129483836,0.033374510970492856,0.0,0.0002086871794815845,0.0,0.0,2.709030256049478e-09,3.0119063198045406e-08,0.0,3.18857506175144e-07,0.0,0.0,5.272425901694046e-05,6.0592764546679466e-06,0.07630143226775944,0.06280194852709585,0.0019008631197510962,1.6032323060023173e-06,6.855020005103664e-07,0.0,0.0,0.003676847714802558,7.98377282128813e-05,0.03073456287454995,1.6248413768042636e-05,0.00033421830949571183,0.0,0.0006354782820071292,0.008686034641582139,0.016824673321711062,0.0,0.003325259097624938,0.0,0.0,0.0005187432975725677,0.044827343851250465,6.41005237707114e-06,0.000675433961737359,2.2756497529248855e-05,0.0,0.0,5.522749070493972e-07,0.0,0.03977064194203634,0.003206643444762099
NIC,0.0,0.0,0.0,0.0,0.0,0.0,0.0,0.0,0.0,0.0,0.0,0.0,0.0,0.0,0.0,0.0,0.0,0.0,0.0,0.0,0.0,0.0,0.0,0.0,0.0,0.0,0.0,0.0,0.0,0.0,0.0,0.0,0.0,0.0,0.0,0.0,0.0,0.0,0.0,0.0,0.0,0.0,0.0,0.0,0.0,0.0,0.0,0.0,0.0,0.0,0.0,0.0,0.0,0.0,0.0,0.0,0.0,0.0,0.0,0.0,0.0,0.0,0.0,0.0,0.0,0.0,0.0,0.0,0.0,0.0,0.0,0.0,0.0,0.0,0.0,0.0,0.0,0.0,0.0,0.0,0.0,0.0,0.0,0.0,0.0,0.0,0.0,0.0,0.0,0.0,0.0,0.0,0.0,0.0,0.0,0.0,0.0,0.0,0.0,0.0,0.0,0.0,0.0,0.0,0.0
URY,0.0,0.0,0.0,0.0,0.0,0.0,0.0,0.0,0.0,0.0,0.0,0.0,0.0,0.0,0.0,0.0,0.0,0.0,0.0,0.0,0.0,0.0,0.0,0.0,0.0,0.0,0.0,0.0,0.0,0.0,0.0,0.0,0.0,0.0,0.0,0.0,0.0,0.0,0.0,0.0,0.0,0.0,0.0,0.0,0.0,0.0,0.0,0.0,0.0,0.0,0.0,0.0,0.0,0.0,0.0,0.0,0.0,0.0,0.0,0.0,0.0,0.0,0.0,0.0,0.0,0.0,0.0,0.0,0.0,0.0,0.0,0.0,0.0,0.0,0.0,0.0,0.0,0.0,0.0,0.0,0.0,0.0,0.0,0.0,0.0,0.0,0.0,0.0,0.0,0.0,0.0,0.0,0.0,0.0,0.0,0.0,0.0,0.0,0.0,0.0,0.0,0.0,0.0,0.0,0.0
ZMB,0.0,0.0,0.0,0.0,0.0,0.0,0.0,0.0,0.0,0.0,0.0,0.0,0.0,0.0,0.0,0.0,0.0,0.0,0.0,0.0,0.0,0.0,0.0,0.0,0.0,0.0,0.0,0.0,0.0,0.0,0.0,0.0,0.0,0.0,0.0,0.0,0.0,0.0,0.0,0.0,0.0,0.0,0.0,0.0,0.0,0.0,0.0,0.0,0.0,0.0,0.0,0.0,0.0,0.0,0.0,0.0,0.0,0.0,0.0,0.0,0.0,0.0,0.0,0.0,0.0,0.0,0.0,0.0,0.0,0.0,0.0,0.0,0.0,0.0,0.0,0.0,0.0,0.0,0.0,0.0,0.0,0.0,0.0,0.0,0.0,0.0,0.0,0.0,0.0,0.0,0.0,0.0,0.0,0.0,0.0,0.0,0.0,0.0,0.0,0.0,0.0,0.0,0.0,0.0,0.0
JAM,0.0,0.0,0.0,0.0,0.0,0.0,0.0,0.0,0.0,0.0,0.0,0.0,0.0,0.0,0.0,0.0,0.0,0.0,0.0,0.0,0.0,0.0,0.0,0.0,0.0,0.0,0.0,0.0,0.0,0.0,0.0,0.0,0.0,0.0,0.0,0.0,0.0,0.0,0.0,0.0,0.0,0.0,0.0,0.0,0.0,0.0,0.0,0.0,0.0,0.0,0.0,0.0,0.0,0.0,0.0,0.0,0.0,0.0,0.0,0.0,0.0,0.0,0.0,0.0,0.0,0.0,0.0,0.0,0.0,0.0,0.0,0.0,0.0,0.0,0.0,0.0,0.0,0.0,0.0,0.0,0.0,0.0,0.0,0.0,0.0,0.0,0.0,0.0,0.0,0.0,0.0,0.0,0.0,0.0,0.0,0.0,0.0,0.0,0.0,0.0,0.0,0.0,0.0,0.0,0.0
BRB,0.0,0.0,0.0,0.0,0.0,0.0,0.0,0.0,0.0,0.0,0.0,0.0,0.0,0.0,0.0,0.0,0.0,0.0,0.0,0.0,0.0,0.0,0.0,0.0,0.0,0.0,0.0,0.0,0.0,0.0,0.0,0.0,0.0,0.0,0.0,0.0,0.0,0.0,0.0,0.0,0.0,0.0,0.0,0.0,0.0,0.0,0.0,0.0,0.0,0.0,0.0,0.0,0.0,0.0,0.0,0.0,0.0,0.0,0.0,0.0,0.0,0.0,0.0,0.0,0.0,0.0,0.0,0.0,0.0,0.0,0.0,0.0,0.0,0.0,0.0,0.0,0.0,0.0,0.0,0.0,0.0,0.0,0.0,0.0,0.0,0.0,0.0,0.0,0.0,0.0,0.0,0.0,0.0,0.0,0.0,0.0,0.0,0.0,0.0,0.0,0.0,0.0,0.0,0.0,0.0
PAK,0.0,0.0,0.0,0.0,0.0,0.0,0.0,0.0,0.0,0.0,0.0,0.0,0.0,0.0,0.0,0.0,0.0,0.0,0.0,0.0,0.0,0.0,0.0,0.0,0.0,0.0,0.0,0.0,0.0,0.0,0.0,0.0,0.0,0.0,0.0,0.0,0.0,0.0,0.0,0.0,0.0,0.0,0.0,0.0,0.0,0.0,0.0,0.0,0.0,0.0,0.0,0.0,0.0,0.0,0.0,0.0,0.0,0.0,0.0,0.0,0.0,0.0,0.0,0.0,0.0,0.0,0.0,0.0,0.0,0.0,0.0,0.0,0.0,0.0,0.0,0.0,0.0,0.0,0.0,0.0,0.0,0.0,0.0,0.0,0.0,0.0,0.0,0.0,0.0,0.0,0.0,0.0,0.0,0.0,0.0,0.0,0.0,0.0,0.0,0.0,0.0,0.0,0.0,0.0,0.0
ZAF,0.0,0.0,0.0,0.0,0.0,0.0,0.0,0.0,0.0,0.0,0.0,0.0,0.0,0.0,0.0,0.0,0.0,0.0,0.0,0.0,0.0,0.0,0.0,0.0,0.0,0.0,0.0,0.0,0.0,0.0,0.0,0.0,0.0,0.0,0.0,0.0,0.0,0.0,0.0,0.0,0.0,0.0,0.0,0.0,0.0,0.0,0.0,0.0,0.0,0.0,0.0,0.0,0.0,0.0,0.0,0.0,0.0,0.0,0.0,0.0,0.0,0.0,0.0,0.0,0.0,0.0,0.0,0.0,0.0,0.0,0.0,0.0,0.0,0.0,0.0,0.0,0.0,0.0,0.0,0.0,0.0,0.0,0.0,0.0,0.0,0.0,0.0,0.0,0.0,0.0,0.0,0.0,0.0,0.0,0.0,0.0,0.0,0.0,0.0,0.0,0.0,0.0,0.0,0.0,0.0
MNG,0.0,0.0,0.0,0.0,0.0,0.0,0.0,0.0,0.0,0.0,0.0,0.0,0.0,0.0,0.0,0.0,0.0,0.0,0.0,0.0,0.0,0.0,0.0,0.0,0.0,0.0,0.0,0.0,0.0,0.0,0.0,0.0,0.0,0.0,0.0,0.0,0.0,0.0,0.0,0.0,0.0,0.0,0.0,0.0,0.0,0.0,0.0,0.0,0.0,0.0,0.0,0.0,0.0,0.0,0.0,0.0,0.0,0.0,0.0,0.0,0.0,0.0,0.0,0.0,0.0,0.0,0.0,0.0,0.0,0.0,0.0,0.0,0.0,0.0,0.0,0.0,0.0,0.0,0.0,0.0,0.0,0.0,0.0,0.0,0.0,0.0,0.0,0.0,0.0,0.0,0.0,0.0,0.0,0.0,0.0,0.0,0.0,0.0,0.0,0.0,0.0,0.0,0.0,0.0,0.0
BWA,0.0,0.0,0.0,0.0,0.0,0.0,0.0,0.0,0.0,0.0,0.0,0.0,0.0,0.0,0.0,0.0,0.0,0.0,0.0,0.0,0.0,0.0,0.0,0.0,0.0,0.0,0.0,0.0,0.0,0.0,0.0,0.0,0.0,0.0,0.0,0.0,0.0,0.0,0.0,0.0,0.0,0.0,0.0,0.0,0.0,0.0,0.0,0.0,0.0,0.0,0.0,0.0,0.0,0.0,0.0,0.0,0.0,0.0,0.0,0.0,0.0,0.0,0.0,0.0,0.0,0.0,0.0,0.0,0.0,0.0,0.0,0.0,0.0,0.0,0.0,0.0,0.0,0.0,0.0,0.0,0.0,0.0,0.0,0.0,0.0,0.0,0.0,0.0,0.0,0.0,0.0,0.0,0.0,0.0,0.0,0.0,0.0,0.0,0.0,0.0,0.0,0.0,0.0,0.0,0.0
TUN,0.0,7.03734535754592e-05,4.786942694109399e-05,0.0020220605292940023,0.0,0.00011619964569895358,3.273090379598768e-05,1.8781001053382705e-08,0.0,0.0,0.0,0.00017147857939646033,1.4229476250238704e-10,0.0,0.0,0.0,2.2836084347528496e-06,0.00036847279885631216,0.0,0.019064128934518917,0.0,0.007522390417849658,0.0,0.0,0.0,0.0,0.0,0.001769481451660255,2.883199603105021e-07,1.4554406900561158e-10,0.0,0.00022258998220093016,4.838398459035313e-06,0.02076242380808064,5.294320360120877e-07,0.0002674246301518312,0.0027657720803478266,3.2438072155664653e-06,0.0009269472930005146,0.0,0.0005877949921050679,2.520380666531759e-06,2.5735849611638007e-06,9.9312843244219e-14,4.925751456864501e-06,0.0,0.0,0.0,0.0,0.0,0.0,4.0330529114774e-06,0.0,0.0,4.3326480483978774e-05,1.0901609833449797e-07,0.013190381376833307,0.0,9.971335896792973e-05,0.0,0.010367734090456644,0.005609747452209437,0.0,1.851498301975727e-06,0.0,0.0,1.104221309272352e-09,9.296232627433961e-10,0.0,1.3207516318608669e-07,0.0,0.0,1.7956419560170913e-05,8.830927038060286e-07,0.006313957593049055,0.019849378633542046,0.000671032864337728,1.4575505835440245e-07,8.392346146719544e-08,0.0,0.0,0.0014504105966561965,1.0305893588048553e-05,0.01801289433978739,6.772018458224911e-06,8.564165715622667e-07,0.0,0.00025272539797059515,0.0027627469949830365,0.006369902906155198,0.0,3.7123726584066774e-05,0.0,0.0,0.0002757998003907849,0.011322311723155782,2.671671669355396e-06,1.910863648219018e-05,1.133127296474198e-05,0.0,0.0,3.0607564648492756e-07,0.0,0.012498676598956267,2.264605071545916e-05
NZL,0.0,0.0,0.0,0.0,0.0,0.0,0.0,0.0,0.0,0.0,0.0,0.0,0.0,0.0,0.0,0.0,0.0,0.0,0.0,0.0,0.0,0.0,0.0,0.0,0.0,0.0,0.0,0.0,0.0,0.0,0.0,0.0,0.0,0.0,0.0,0.0,0.0,0.0,0.0,0.0,0.0,0.0,0.0,0.0,0.0,0.0,0.0,0.0,0.0,0.0,0.0,0.0,0.0,0.0,0.0,0.0,0.0,0.0,0.0,0.0,0.0,0.0,0.0,0.0,0.0,0.0,0.0,0.0,0.0,0.0,0.0,0.0,0.0,0.0,0.0,0.0,0.0,0.0,0.0,0.0,0.0,0.0,0.0,0.0,0.0,0.0,0.0,0.0,0.0,0.0,0.0,0.0,0.0,0.0,0.0,0.0,0.0,0.0,0.0,0.0,0.0,0.0,0.0,0.0,0.0
IRL,0.0,0.00011818870654521971,0.00011837966599883009,0.003091457687483711,0.0,0.0001692062840045656,4.765011792740304e-05,2.8038071912664444e-08,0.0,0.0,0.0,0.0003313953256527473,1.3685970230209244e-10,0.0,0.0,0.0,3.5345169561059845e-06,0.000414347352412338,0.0,0.030921482041065883,0.0,0.011255265559707123,0.0,0.0,0.0,0.0,0.0,0.0031807902147836064,6.45042274027711e-07,1.9158853387908605e-10,0.0,0.0002678979583990439,6.2562028087599964e-06,0.03291040253022171,5.752300390681713e-07,0.0002834440385236331,0.006729228326148955,5.222403549417263e-06,0.002108655451690609,0.0,0.002436385469212084,2.7778883077210086e-06,2.1991753880406775e-07,1.0957283089967414e-13,8.987843942837942e-06,0.0,0.0,0.0,0.0,0.0,0.0,9.333944394746972e-06,0.0,0.0,7.113100816247224e-05,5.786987267017173e-07,0.020103248167539695,0.0,0.0005331683720590625,0.0,0.017471019226965055,0.0069963288356505796,0.0,8.02538127618981e-06,0.0,0.0,6.517222545566706e-09,1.8545577357244502e-09,0.0,2.1481412443974346e-07,0.0,0.0,2.6536619518398124e-05,2.2287712726528673e-06,0.016748448975539204,0.03591628946173526,0.0010726456386213443,3.6009674892344057e-07,1.2209170883918247e-07,0.0,0.0,0.002357851276985369,4.110563284276989e-05,0.02330841854463488,1.0979042747730399e-05,1.1627647858915153e-06,0.0,0.0010776379690879449,0.004152191985882856,0.037822589455506005,0.0,0.0002240845834451038,0.0,0.0,0.0017591616071180323,0.026178133668985762,3.574053818425981e-06,4.153349341598372e-05,5.528857603959488e-05,0.0,0.0,4.450344035576181e-07,0.0,0.018242965541510173,3.8003282654086025e-05
AZE,0.0,0.0,0.0,0.0,0.0,0.0,0.0,0.0,0.0,0.0,0.0,0.0,0.0,0.0,0.0,0.0,0.0,0.0,0.0,0.0,0.0,0.0,0.0,0.0,0.0,0.0,0.0,0.0,0.0,0.0,0.0,0.0,0.0,0.0,0.0,0.0,0.0,0.0,0.0,0.0,0.0,0.0,0.0,0.0,0.0,0.0,0.0,0.0,0.0,0.0,0.0,0.0,0.0,0.0,0.0,0.0,0.0,0.0,0.0,0.0,0.0,0.0,0.0,0.0,0.0,0.0,0.0,0.0,0.0,0.0,0.0,0.0,0.0,0.0,0.0,0.0,0.0,0.0,0.0,0.0,0.0,0.0,0.0,0.0,0.0,0.0,0.0,0.0,0.0,0.0,0.0,0.0,0.0,0.0,0.0,0.0,0.0,0.0,0.0,0.0,0.0,0.0,0.0,0.0,0.0
CRI,0.0,0.0,0.0,0.0,0.0,0.0,0.0,0.0,0.0,0.0,0.0,0.0,0.0,0.0,0.0,0.0,0.0,0.0,0.0,0.0,0.0,0.0,0.0,0.0,0.0,0.0,0.0,0.0,0.0,0.0,0.0,0.0,0.0,0.0,0.0,0.0,0.0,0.0,0.0,0.0,0.0,0.0,0.0,0.0,0.0,0.0,0.0,0.0,0.0,0.0,0.0,0.0,0.0,0.0,0.0,0.0,0.0,0.0,0.0,0.0,0.0,0.0,0.0,0.0,0.0,0.0,0.0,0.0,0.0,0.0,0.0,0.0,0.0,0.0,0.0,0.0,0.0,0.0,0.0,0.0,0.0,0.0,0.0,0.0,0.0,0.0,0.0,0.0,0.0,0.0,0.0,0.0,0.0,0.0,0.0,0.0,0.0,0.0,0.0,0.0,0.0,0.0,0.0,0.0,0.0
KAZ,0.0,0.0,0.0,0.0,0.0,0.0,0.0,0.0,0.0,0.0,0.0,0.0,0.0,0.0,0.0,0.0,0.0,0.0,0.0,0.0,0.0,0.0,0.0,0.0,0.0,0.0,0.0,0.0,0.0,0.0,0.0,0.0,0.0,0.0,0.0,0.0,0.0,0.0,0.0,0.0,0.0,0.0,0.0,0.0,0.0,0.0,0.0,0.0,0.0,0.0,0.0,0.0,0.0,0.0,0.0,0.0,0.0,0.0,0.0,0.0,0.0,0.0,0.0,0.0,0.0,0.0,0.0,0.0,0.0,0.0,0.0,0.0,0.0,0.0,0.0,0.0,0.0,0.0,0.0,0.0,0.0,0.0,0.0,0.0,0.0,0.0,0.0,0.0,0.0,0.0,0.0,0.0,0.0,0.0,0.0,0.0,0.0,0.0,0.0,0.0,0.0,0.0,0.0,0.0,0.0
PHL,0.0,0.00022498348525151234,8.382550119494389e-06,0.007068545184247601,0.0,0.0010923218386493549,3.8822664112999906e-05,1.4518813065574468e-08,0.0,0.0,0.0,0.0001109187491301508,1.0377742359983265e-12,0.0,0.0,0.0,5.110729642315433e-06,0.00025997543366206607,0.0,0.2168246752734146,0.0,0.0022224747733105028,0.0,0.0,0.0,0.0,0.0,0.0001382566700354145,2.4650992400979476e-08,4.727750799904786e-13,0.0,2.8943931733459802e-05,1.322538454513079e-05,0.02925778169694429,1.1337187737487544e-08,4.094197469130875e-05,0.0005351731864652773,1.922918397681665e-06,0.006429549804240764,0.0,0.0005803987877062355,1.0724730785860447e-07,1.129075868703871e-08,9.245412556098252e-17,1.2135217363888838e-06,0.0,0.0,0.0,0.0,0.0,0.0,1.0735937091961243e-07,0.0,0.0,5.792040177075282e-05,9.095942931367715e-09,0.03608643730365509,0.0,6.193391292237659e-05,0.0,0.00217459902063938,0.0030060330806867645,0.0,1.1890363541331382e-07,0.0,0.0,1.0548218930463666e-10,3.2871253784957836e-11,0.0,4.765225129604811e-07,0.0,0.0,0.00016354678941353282,1.0553164694332869e-07,0.0043987428171585385,0.1519925690710926,0.0011176278632496458,2.602741234989253e-08,1.4488704347391033e-09,0.0,0.0,0.0004718128882650838,2.1214414368498105e-06,0.00491689553934446,2.4065917202291206e-05,5.247234731319294e-07,0.0,0.00030911820540187036,0.006749402628705653,0.004492126443929266,0.0,1.73816546349465e-05,0.0,0.0,0.00018215232628363763,0.021444466617082436,2.663773503328756e-06,4.4544597823090055e-06,5.742237537048601e-06,0.0,0.0,1.384962607711265e-08,0.0,0.08361421756112555,4.072872588394883e-05
DEU,0.0,0.0001443810948670311,3.7306292560669835e-06,0.005257739081628865,0.0,0.00016242833641303789,7.637364465879765e-05,6.4938813033213e-09,0.0,0.0,0.0,0.0004188671920833283,1.1744055729153226e-11,0.0,0.0,0.0,6.546932125597317e-07,0.0011534007833949587,0.0,0.07056283362135743,0.0,0.017887576143216986,0.0,0.0,0.0,0.0,0.0,0.0023565533655648973,1.638737609382005e-08,1.3090316449630653e-11,0.0,0.0005125279298617947,1.398658984105407e-05,0.09711997170836366,1.208891741862054e-07,0.0003281508802726866,0.004603866374125917,1.079577592716875e-06,0.0019584873668855233,0.0,0.0006665478354019746,6.326737186119144e-07,1.0974140573927325e-08,2.3711938542951298e-15,1.6206737890229596e-06,0.0,0.0,0.0,0.0,0.0,0.0,1.3142543976483979e-07,0.0,0.0,1.5441096346803745e-05,1.6571429645999704e-08,0.03333043556180724,0.0,0.00020587162614954906,0.0,0.06954262715266371,0.0010384594793801524,0.0,3.0837894688638133e-07,0.0,0.0,1.577497627462598e-10,1.5630375540715918e-10,0.0,3.598411283407999e-07,0.0,0.0,2.911999072902573e-05,1.7729264426539157e-07,0.0018363383360172191,0.09445089468216558,0.001996451488424348,1.0945819781760106e-08,2.1613748106184007e-08,0.0,0.0,0.003181348209983808,2.0808653851555453e-06,0.053234320062341675,1.818484889603147e-05,6.56083809828358e-07,0.0,0.00039665863209379016,0.006137899944949779,0.005427970967377311,0.0,1.2588978686531265e-05,0.0,0.0,0.00011881191490340611,0.05049719421515438,2.0608064116375036e-06,1.7055287496891923e-05,4.8337443028034344e-06,0.0,0.0,1.1413746415056605e-07,0.0,0.06362104395999851,1.5654500166972505e-05
DOM,0.0,0.0,0.0,0.0,0.0,0.0,0.0,0.0,0.0,0.0,0.0,0.0,0.0,0.0,0.0,0.0,0.0,0.0,0.0,0.0,0.0,0.0,0.0,0.0,0.0,0.0,0.0,0.0,0.0,0.0,0.0,0.0,0.0,0.0,0.0,0.0,0.0,0.0,0.0,0.0,0.0,0.0,0.0,0.0,0.0,0.0,0.0,0.0,0.0,0.0,0.0,0.0,0.0,0.0,0.0,0.0,0.0,0.0,0.0,0.0,0.0,0.0,0.0,0.0,0.0,0.0,0.0,0.0,0.0,0.0,0.0,0.0,0.0,0.0,0.0,0.0,0.0,0.0,0.0,0.0,0.0,0.0,0.0,0.0,0.0,0.0,0.0,0.0,0.0,0.0,0.0,0.0,0.0,0.0,0.0,0.0,0.0,0.0,0.0,0.0,0.0,0.0,0.0,0.0,0.0
MEX,0.0,0.00015621841160311107,7.789485394469093e-06,0.006748111596572633,0.0,0.0003683826821192965,0.00012307488975263058,2.032914135619258e-08,0.0,0.0,0.0,0.00021700828135831968,3.2772178811850297e-09,0.0,0.0,0.0,2.2429673831208541e-07,0.000287768085653184,0.0,0.07157348278067376,0.0,0.04327738233796764,0.0,0.0,0.0,0.0,0.0,0.0054935226920968284,3.2479724225251487e-08,9.305475911398619e-12,0.0,0.000791604442128098,5.094038020182343e-06,0.13029881273484065,5.95562221116386e-07,4.8280246856989486e-05,0.04489196574892465,0.0004844053730573264,0.0012617240952446471,0.0,0.0002639449987783785,7.957096155331519e-05,9.435566904624942e-06,3.7653856121094514e-16,4.810248923778375e-06,0.0,0.0,0.0,0.0,0.0,0.0,7.098419651877881e-08,0.0,0.0,5.751075771795619e-06,3.572253371130995e-09,0.039085411424399294,0.0,0.0006624079472005909,0.0,0.02751551428687959,0.007216495969752719,0.0,1.2182881072209273e-07,0.0,0.0,4.419496866381307e-11,5.010944952079478e-08,0.0,4.723229450160519e-07,0.0,0.0,3.026258386623683e-05,3.3115525576031763e-07,0.002245382176603065,0.11439160103190105,0.0013058316777039753,2.4040818714998747e-08,1.0473979743856895e-07,0.0,0.0,0.005498053547785011,9.51046728420542e-06,0.005360613174240857,2.389079134101638e-05,2.475149627231663e-07,0.0,0.0006122585751488689,0.005026344347530265,0.0012888634400553779,0.0,0.0006753983885392293,0.0,0.0,4.4887309048843224e-05,0.021368933685753,8.077646619229163e-07,0.0013334971247575386,3.089092817742e-07,0.0,0.0,1.6316796784558606e-07,0.0,0.043783397196157835,0.0001545722278372735
BRN,0.0,0.0,0.0,0.0,0.0,0.0,0.0,0.0,0.0,0.0,0.0,0.0,0.0,0.0,0.0,0.0,0.0,0.0,0.0,0.0,0.0,0.0,0.0,0.0,0.0,0.0,0.0,0.0,0.0,0.0,0.0,0.0,0.0,0.0,0.0,0.0,0.0,0.0,0.0,0.0,0.0,0.0,0.0,0.0,0.0,0.0,0.0,0.0,0.0,0.0,0.0,0.0,0.0,0.0,0.0,0.0,0.0,0.0,0.0,0.0,0.0,0.0,0.0,0.0,0.0,0.0,0.0,0.0,0.0,0.0,0.0,0.0,0.0,0.0,0.0,0.0,0.0,0.0,0.0,0.0,0.0,0.0,0.0,0.0,0.0,0.0,0.0,0.0,0.0,0.0,0.0,0.0,0.0,0.0,0.0,0.0,0.0,0.0,0.0,0.0,0.0,0.0,0.0,0.0,0.0
MDA,0.0,0.0,0.0,0.0,0.0,0.0,0.0,0.0,0.0,0.0,0.0,0.0,0.0,0.0,0.0,0.0,0.0,0.0,0.0,0.0,0.0,0.0,0.0,0.0,0.0,0.0,0.0,0.0,0.0,0.0,0.0,0.0,0.0,0.0,0.0,0.0,0.0,0.0,0.0,0.0,0.0,0.0,0.0,0.0,0.0,0.0,0.0,0.0,0.0,0.0,0.0,0.0,0.0,0.0,0.0,0.0,0.0,0.0,0.0,0.0,0.0,0.0,0.0,0.0,0.0,0.0,0.0,0.0,0.0,0.0,0.0,0.0,0.0,0.0,0.0,0.0,0.0,0.0,0.0,0.0,0.0,0.0,0.0,0.0,0.0,0.0,0.0,0.0,0.0,0.0,0.0,0.0,0.0,0.0,0.0,0.0,0.0,0.0,0.0,0.0,0.0,0.0,0.0,0.0,0.0
BRA,0.0,0.0001430584372099991,2.448376400396268e-05,0.005979366817841516,0.0,9.596739990901749e-05,4.981520236743852e-05,1.3749849015660902e-08,0.0,0.0,0.0,0.0007763938996572278,3.9245631182408315e-09,0.0,0.0,0.0,4.158504900951765e-06,0.0002941595809528274,0.0,0.14566716178233668,0.0,0.02173410988570909,0.0,0.0,0.0,0.0,0.0,0.018080533704280807,4.782336682113318e-07,1.9586372800507138e-10,0.0,7.548030038469122e-05,8.787956083179588e-06,0.05851346868173171,9.145931719734756e-07,0.00014629347429656058,0.05483921251426719,6.680010825192215e-06,0.0013187438361252893,0.0,0.0006182199354612133,8.328894955148318e-05,4.129077901351267e-07,4.585281224242432e-14,0.00025071037273097045,0.0,0.0,0.0,0.0,0.0,0.0,4.805938676355584e-06,0.0,0.0,2.3472828797316416e-05,1.4261904558203116e-07,0.034020114957151876,0.0,0.00021317604368477106,0.0,0.014196820948333314,0.004691969483052358,0.0,0.0010222626160000256,0.0,0.0,4.229257081985723e-10,5.112970868872945e-09,0.0,4.245258187986969e-07,0.0,0.0,9.849075132379781e-05,2.5145438349297887e-06,0.004044208493092293,0.11124241291498656,0.0013676663079362774,5.694199797017377e-08,3.172440151328589e-07,0.0,0.0,0.0021501300495906555,5.494208295958361e-05,0.008213374466761892,2.1465678441466708e-05,9.492073131951991e-07,0.0,0.0004381380428380177,0.003956687643796228,0.005984523378331834,0.0,0.0001383999996481533,0.0,0.0,0.00026096899425270386,0.03651800591721716,1.6005508653029224e-06,0.00014658960390882673,7.50142363171432e-06,0.0,0.0,1.747365067111378e-07,0.0,0.053500848755761006,6.009619658685941e-05
HND,0.0,0.0,0.0,0.0,0.0,0.0,0.0,0.0,0.0,0.0,0.0,0.0,0.0,0.0,0.0,0.0,0.0,0.0,0.0,0.0,0.0,0.0,0.0,0.0,0.0,0.0,0.0,0.0,0.0,0.0,0.0,0.0,0.0,0.0,0.0,0.0,0.0,0.0,0.0,0.0,0.0,0.0,0.0,0.0,0.0,0.0,0.0,0.0,0.0,0.0,0.0,0.0,0.0,0.0,0.0,0.0,0.0,0.0,0.0,0.0,0.0,0.0,0.0,0.0,0.0,0.0,0.0,0.0,0.0,0.0,0.0,0.0,0.0,0.0,0.0,0.0,0.0,0.0,0.0,0.0,0.0,0.0,0.0,0.0,0.0,0.0,0.0,0.0,0.0,0.0,0.0,0.0,0.0,0.0,0.0,0.0,0.0,0.0,0.0,0.0,0.0,0.0,0.0,0.0,0.0
SEN,0.0,0.0,0.0,0.0,0.0,0.0,0.0,0.0,0.0,0.0,0.0,0.0,0.0,0.0,0.0,0.0,0.0,0.0,0.0,0.0,0.0,0.0,0.0,0.0,0.0,0.0,0.0,0.0,0.0,0.0,0.0,0.0,0.0,0.0,0.0,0.0,0.0,0.0,0.0,0.0,0.0,0.0,0.0,0.0,0.0,0.0,0.0,0.0,0.0,0.0,0.0,0.0,0.0,0.0,0.0,0.0,0.0,0.0,0.0,0.0,0.0,0.0,0.0,0.0,0.0,0.0,0.0,0.0,0.0,0.0,0.0,0.0,0.0,0.0,0.0,0.0,0.0,0.0,0.0,0.0,0.0,0.0,0.0,0.0,0.0,0.0,0.0,0.0,0.0,0.0,0.0,0.0,0.0,0.0,0.0,0.0,0.0,0.0,0.0,0.0,0.0,0.0,0.0,0.0,0.0
KEN,0.0,0.0,0.0,0.0,0.0,0.0,0.0,0.0,0.0,0.0,0.0,0.0,0.0,0.0,0.0,0.0,0.0,0.0,0.0,0.0,0.0,0.0,0.0,0.0,0.0,0.0,0.0,0.0,0.0,0.0,0.0,0.0,0.0,0.0,0.0,0.0,0.0,0.0,0.0,0.0,0.0,0.0,0.0,0.0,0.0,0.0,0.0,0.0,0.0,0.0,0.0,0.0,0.0,0.0,0.0,0.0,0.0,0.0,0.0,0.0,0.0,0.0,0.0,0.0,0.0,0.0,0.0,0.0,0.0,0.0,0.0,0.0,0.0,0.0,0.0,0.0,0.0,0.0,0.0,0.0,0.0,0.0,0.0,0.0,0.0,0.0,0.0,0.0,0.0,0.0,0.0,0.0,0.0,0.0,0.0,0.0,0.0,0.0,0.0,0.0,0.0,0.0,0.0,0.0,0.0
LCA,0.0,0.0,0.0,0.0,0.0,0.0,0.0,0.0,0.0,0.0,0.0,0.0,0.0,0.0,0.0,0.0,0.0,0.0,0.0,0.0,0.0,0.0,0.0,0.0,0.0,0.0,0.0,0.0,0.0,0.0,0.0,0.0,0.0,0.0,0.0,0.0,0.0,0.0,0.0,0.0,0.0,0.0,0.0,0.0,0.0,0.0,0.0,0.0,0.0,0.0,0.0,0.0,0.0,0.0,0.0,0.0,0.0,0.0,0.0,0.0,0.0,0.0,0.0,0.0,0.0,0.0,0.0,0.0,0.0,0.0,0.0,0.0,0.0,0.0,0.0,0.0,0.0,0.0,0.0,0.0,0.0,0.0,0.0,0.0,0.0,0.0,0.0,0.0,0.0,0.0,0.0,0.0,0.0,0.0,0.0,0.0,0.0,0.0,0.0,0.0,0.0,0.0,0.0,0.0,0.0
SLV,0.0,0.0,0.0,0.0,0.0,0.0,0.0,0.0,0.0,0.0,0.0,0.0,0.0,0.0,0.0,0.0,0.0,0.0,0.0,0.0,0.0,0.0,0.0,0.0,0.0,0.0,0.0,0.0,0.0,0.0,0.0,0.0,0.0,0.0,0.0,0.0,0.0,0.0,0.0,0.0,0.0,0.0,0.0,0.0,0.0,0.0,0.0,0.0,0.0,0.0,0.0,0.0,0.0,0.0,0.0,0.0,0.0,0.0,0.0,0.0,0.0,0.0,0.0,0.0,0.0,0.0,0.0,0.0,0.0,0.0,0.0,0.0,0.0,0.0,0.0,0.0,0.0,0.0,0.0,0.0,0.0,0.0,0.0,0.0,0.0,0.0,0.0,0.0,0.0,0.0,0.0,0.0,0.0,0.0,0.0,0.0,0.0,0.0,0.0,0.0,0.0,0.0,0.0,0.0,0.0
BLR,0.0,0.0,0.0,0.0,0.0,0.0,0.0,0.0,0.0,0.0,0.0,0.0,0.0,0.0,0.0,0.0,0.0,0.0,0.0,0.0,0.0,0.0,0.0,0.0,0.0,0.0,0.0,0.0,0.0,0.0,0.0,0.0,0.0,0.0,0.0,0.0,0.0,0.0,0.0,0.0,0.0,0.0,0.0,0.0,0.0,0.0,0.0,0.0,0.0,0.0,0.0,0.0,0.0,0.0,0.0,0.0,0.0,0.0,0.0,0.0,0.0,0.0,0.0,0.0,0.0,0.0,0.0,0.0,0.0,0.0,0.0,0.0,0.0,0.0,0.0,0.0,0.0,0.0,0.0,0.0,0.0,0.0,0.0,0.0,0.0,0.0,0.0,0.0,0.0,0.0,0.0,0.0,0.0,0.0,0.0,0.0,0.0,0.0,0.0,0.0,0.0,0.0,0.0,0.0,0.0
AUS,0.0,0.00016271363336041702,7.202781936670928e-05,0.004816343851840045,0.0,0.000290208089919817,8.331610344231148e-05,4.1270567840876246e-08,0.0,0.0,0.0,0.0004683807050079533,2.8806091334188134e-10,0.0,0.0,0.0,5.210319864473335e-06,0.0003323622930777148,0.0,0.04755817763663638,0.0,0.02432843429755851,0.0,0.0,0.0,0.0,0.0,0.0026429314343000094,4.182167728877625e-07,2.0757513603354688e-10,0.0,0.000356323338562434,1.1120566570687952e-05,0.052353070664911294,8.305368953699532e-07,0.0003951374604431819,0.009230178889896648,1.261146168696871e-05,0.002148915858969452,0.0,0.0013051352928915702,5.260933389377002e-06,2.4227529914417815e-07,1.3438855423766068e-13,6.79025584561734e-05,0.0,0.0,0.0,0.0,0.0,0.0,5.642657297900365e-06,0.0,0.0,0.00010004418845725491,2.979278131937405e-07,0.03223920106810806,0.0,0.00021569742287285248,0.0,0.020219538066279227,0.008303031646205421,0.0,2.5532428747527714e-05,0.0,0.0,3.248297174753642e-09,2.6621791597020302e-08,0.0,3.296246566667039e-07,0.0,0.0,4.307151969943402e-05,1.393218006641879e-06,0.01008192669816142,0.051580667201404,0.0014439302246876315,2.184170478061242e-07,1.252637708613654e-07,0.0,0.0,0.0036035526107132867,2.2436166285158525e-05,0.011740945224066303,1.68955079274991e-05,1.869099517914367e-06,0.0,0.0005176897539938142,0.006733599373334291,0.015100159752663872,0.0,0.00011458341225131032,0.0,0.0,0.0008504023246787215,0.03312050507213623,5.226074789978824e-06,0.0005436504693251033,2.559546450342941e-05,0.0,0.0,7.315437451234159e-07,0.0,0.030058929856072784,0.0001127179428321704
NLD,0.0,4.3691075192630767e-05,0.002706209502008751,0.0014477934889394238,0.0,0.00010428869537217849,5.9314957495524655e-05,4.355582536161897e-09,0.0,0.0,0.0,0.0003711345478142302,1.665535281030274e-11,0.0,0.0,0.0,7.323303487947106e-07,0.00021680252618312899,0.0,0.04202797484737217,0.0,0.03343558157355799,0.0,0.0,0.0,0.0,0.0,0.017900495440088395,6.303702765665181e-06,1.5482038949384456e-10,0.0,0.00013322669940529398,2.6912022980739627e-06,0.09064528990657707,1.1938055835705526e-07,5.815057149574083e-05,0.005218952266301576,3.3851263413484094e-06,0.0007457920724399709,0.0,0.00041808713174624015,9.262613531104685e-07,1.5057236300482846e-08,4.557515155314176e-14,3.083342305548503e-06,0.0,0.0,0.0,0.0,0.0,0.0,9.622737871690221e-05,0.0,0.0,1.8569791679881263e-05,9.700180857481615e-08,0.02522158721103087,0.0,7.697130165324046e-05,0.0,0.048193211140823554,0.06592784545990081,0.0,3.2489595724530733e-06,0.0,0.0,2.7904208215368845e-10,9.938563272721863e-09,0.0,9.429699332472749e-08,0.0,0.0,1.3889941473008684e-05,2.0203856572980707e-05,0.0012936094833509576,0.03625460525689941,0.0008882606247948179,8.422617806468839e-06,2.030623573751769e-07,0.0,0.0,0.0024317435952472552,2.543268005705116e-06,0.026417248626243773,4.811173303747545e-06,6.440979340645673e-07,0.0,0.00018252309273580176,0.003671838707965842,0.00469461493279676,0.0,2.2249757899663723e-05,0.0,0.0,0.00020254936426913946,0.06933569836993957,1.355576030221225e-06,0.00048732204661725535,3.0012068686641256e-06,0.0,0.0,1.7090172424279536e-07,0.0,0.019415868265639312,1.2503025214659474e-05
USA,0.0,0.0,0.0,0.029284682478168785,0.0,0.0,0.0,0.0,0.0,0.0,0.0,0.0,0.0,0.0,0.0,0.0,0.0,0.0013898063950235483,0.0,0.0,0.0,0.0,0.0,0.0,0.0,0.0,0.0,0.0,0.0,0.0,0.0,0.0,0.0,0.16961428188755825,0.0,0.0,0.0,0.0,0.0,0.0,0.00031648388509662723,0.0,0.0,0.0,0.0,0.0,0.0,0.0,0.0,0.0,0.0,0.0,0.0,0.0,0.0,0.0,0.15136086901665005,0.0,0.0,0.0,0.0,0.0,0.0,0.0,0.0,0.0,0.0,0.0,0.0,2.966982216344972e-06,0.0,0.0,0.0,0.0,0.0,0.0,0.004534234737485113,0.0,0.0,0.0,0.0,0.0,0.0,0.0,0.00014983471375980132,0.0,0.0,0.001306118332028642,0.0,0.0,0.0,0.0,0.0,0.0,0.0,0.03904025229339597,0.0,0.0,0.0,0.0,0.0,0.0,0.0,0.0,0.0
MLT,0.0,0.0,0.0,0.0,0.0,0.0,0.0,0.0,0.0,0.0,0.0,0.0,0.0,0.0,0.0,0.0,0.0,0.0,0.0,0.0,0.0,0.0,0.0,0.0,0.0,0.0,0.0,0.0,0.0,0.0,0.0,0.0,0.0,0.0,0.0,0.0,0.0,0.0,0.0,0.0,0.0,0.0,0.0,0.0,0.0,0.0,0.0,0.0,0.0,0.0,0.0,0.0,0.0,0.0,0.0,0.0,0.0,0.0,0.0,0.0,0.0,0.0,0.0,0.0,0.0,0.0,0.0,0.0,0.0,0.0,0.0,0.0,0.0,0.0,0.0,0.0,0.0,0.0,0.0,0.0,0.0,0.0,0.0,0.0,0.0,0.0,0.0,0.0,0.0,0.0,0.0,0.0,0.0,0.0,0.0,0.0,0.0,0.0,0.0,0.0,0.0,0.0,0.0,0.0,0.0
SRB,0.0,0.0,0.0,0.0,0.0,0.0,0.0,0.0,0.0,0.0,0.0,0.0,0.0,0.0,0.0,0.0,0.0,0.0,0.0,0.0,0.0,0.0,0.0,0.0,0.0,0.0,0.0,0.0,0.0,0.0,0.0,0.0,0.0,0.0,0.0,0.0,0.0,0.0,0.0,0.0,0.0,0.0,0.0,0.0,0.0,0.0,0.0,0.0,0.0,0.0,0.0,0.0,0.0,0.0,0.0,0.0,0.0,0.0,0.0,0.0,0.0,0.0,0.0,0.0,0.0,0.0,0.0,0.0,0.0,0.0,0.0,0.0,0.0,0.0,0.0,0.0,0.0,0.0,0.0,0.0,0.0,0.0,0.0,0.0,0.0,0.0,0.0,0.0,0.0,0.0,0.0,0.0,0.0,0.0,0.0,0.0,0.0,0.0,0.0,0.0,0.0,0.0,0.0,0.0,0.0
UKR,0.0,0.0,0.0,0.0,0.0,0.0,0.0,0.0,0.0,0.0,0.0,0.0,0.0,0.0,0.0,0.0,0.0,0.0,0.0,0.0,0.0,0.0,0.0,0.0,0.0,0.0,0.0,0.0,0.0,0.0,0.0,0.0,0.0,0.0,0.0,0.0,0.0,0.0,0.0,0.0,0.0,0.0,0.0,0.0,0.0,0.0,0.0,0.0,0.0,0.0,0.0,0.0,0.0,0.0,0.0,0.0,0.0,0.0,0.0,0.0,0.0,0.0,0.0,0.0,0.0,0.0,0.0,0.0,0.0,0.0,0.0,0.0,0.0,0.0,0.0,0.0,0.0,0.0,0.0,0.0,0.0,0.0,0.0,0.0,0.0,0.0,0.0,0.0,0.0,0.0,0.0,0.0,0.0,0.0,0.0,0.0,0.0,0.0,0.0,0.0,0.0,0.0,0.0,0.0,0.0
EGY,0.0,0.0,0.0,0.0,0.0,0.0,0.0,0.0,0.0,0.0,0.0,0.0,0.0,0.0,0.0,0.0,0.0,0.0,0.0,0.0,0.0,0.0,0.0,0.0,0.0,0.0,0.0,0.0,0.0,0.0,0.0,0.0,0.0,0.0,0.0,0.0,0.0,0.0,0.0,0.0,0.0,0.0,0.0,0.0,0.0,0.0,0.0,0.0,0.0,0.0,0.0,0.0,0.0,0.0,0.0,0.0,0.0,0.0,0.0,0.0,0.0,0.0,0.0,0.0,0.0,0.0,0.0,0.0,0.0,0.0,0.0,0.0,0.0,0.0,0.0,0.0,0.0,0.0,0.0,0.0,0.0,0.0,0.0,0.0,0.0,0.0,0.0,0.0,0.0,0.0,0.0,0.0,0.0,0.0,0.0,0.0,0.0,0.0,0.0,0.0,0.0,0.0,0.0,0.0,0.0
LSO,0.0,0.0,0.0,0.0,0.0,0.0,0.0,0.0,0.0,0.0,0.0,0.0,0.0,0.0,0.0,0.0,0.0,0.0,0.0,0.0,0.0,0.0,0.0,0.0,0.0,0.0,0.0,0.0,0.0,0.0,0.0,0.0,0.0,0.0,0.0,0.0,0.0,0.0,0.0,0.0,0.0,0.0,0.0,0.0,0.0,0.0,0.0,0.0,0.0,0.0,0.0,0.0,0.0,0.0,0.0,0.0,0.0,0.0,0.0,0.0,0.0,0.0,0.0,0.0,0.0,0.0,0.0,0.0,0.0,0.0,0.0,0.0,0.0,0.0,0.0,0.0,0.0,0.0,0.0,0.0,0.0,0.0,0.0,0.0,0.0,0.0,0.0,0.0,0.0,0.0,0.0,0.0,0.0,0.0,0.0,0.0,0.0,0.0,0.0,0.0,0.0,0.0,0.0,0.0,0.0
AUT,0.0,0.00018623146962061543,0.00010126105661861417,0.005582104425047463,0.0,0.0034874005229150597,7.865779120951569e-05,4.4307724142147197e-08,0.0,0.0,0.0,0.00043689643790371366,1.8258444082878098e-10,0.0,0.0,0.0,6.427069417756742e-06,0.0005294769881599412,0.0,0.06731796004600925,0.0,0.01613751316265699,0.0,0.0,0.0,0.0,0.0,0.005225311093786926,5.486569061028847e-07,2.6027401215232597e-10,0.0,0.00022855959258799002,1.3363808746291349e-05,0.04851610324494771,6.989203482109478e-07,0.00037961352766930376,0.004362980535752152,1.0256430686423684e-05,0.002524501375503496,0.0,0.0011964667854309256,3.6675390518415348e-06,4.0262416030519734e-07,1.5967958887627536e-13,0.00018864645680955378,0.0,0.0,0.0,0.0,0.0,0.0,7.570981888292844e-06,0.0,0.0,8.838692502717208e-05,2.4690640958845923e-07,0.0361840434916445,0.0,0.00029854819961810366,0.0,0.027855392290897254,0.047734713209544415,0.0,4.620209207871334e-06,0.0,0.0,2.3929247337366096e-09,1.1394694993525036e-08,0.0,4.023511101153223e-07,0.0,0.0,5.8287402048016474e-05,2.053967822387195e-06,0.014909042449744584,0.06614329862480228,0.0016129236738852612,3.0631286390516207e-07,1.6228946890949444e-07,0.0,0.0,0.003092957460690296,1.901282184092641e-05,0.018944065618034488,2.714370719483617e-05,1.9666955228600525e-06,0.0,0.0005954736248016734,0.006423429258731564,0.018073463668932914,0.0,8.989056142792083e-05,0.0,0.0,0.0006839383460384186,0.032603581755054366,5.463233618655203e-06,0.00024315591484297443,2.9561729337687938e-05,0.0,0.0,2.119157023402803e-05,0.0,0.038145278362902484,0.0005582062202811079
EST,0.0,0.00014376930837668912,0.0003879030879187487,0.003944066093225703,0.0,0.0002815210419634228,0.0001332728170244662,3.64271361828607e-08,0.0,0.0,0.0,0.0004251151376213808,1.8020243861798651e-10,0.0,0.0,0.0,4.9517187003204334e-06,0.000356324272410124,0.0,0.04171604401033779,0.0,0.017600224146125328,0.0,0.0,0.0,0.0,0.0,0.004160071432164529,2.1674991298326894e-06,2.526786182053025e-10,0.0,0.00022518464989309173,1.0056435916624608e-05,0.043901525488160974,6.245285123573539e-07,0.0003138758025145235,0.004631385437289977,0.00012815368003554696,0.0020008689695102996,0.0,0.0009912881679149368,3.3445855355965796e-06,1.4774545526356758e-07,1.6633968329569197e-13,2.8900545150555585e-05,0.0,0.0,0.0,0.0,0.0,0.0,3.538788088030659e-05,0.0,0.0,8.625067946772774e-05,2.3469116982157278e-07,0.028635039892643235,0.0,0.000198689984602478,0.0,0.022840382366139386,0.019629666933949182,0.0,4.580689044266683e-05,0.0,0.0,2.251650562328329e-09,6.1387986290142326e-09,0.0,2.7325253301736276e-07,0.0,0.0,3.7700741502518466e-05,4.0043906858127765e-06,0.05220511494618035,0.04293099254257654,0.0013050832573661627,1.2011077074147098e-06,1.4319672221165895e-07,0.0,0.0,0.0030614828361960333,1.6934758091212453e-05,0.014969447984998685,1.4003152158342435e-05,2.1531272388513347e-06,0.0,0.0004638122677384061,0.005906543397207186,0.013905545399550426,0.0,7.867568511133264e-05,0.0,0.0,0.0005983335498057116,0.030572851474122368,5.206031523458549e-06,0.00012710414482936322,2.3401371119932645e-05,0.0,0.0,6.19274852155984e-07,0.0,0.02711091384297526,0.0036156443416405617
FRA,0.0,0.00017549747010159894,4.70450438267168e-05,0.0060469139829842,0.0,0.0004190182973496644,0.00013510485824786518,2.989760580412795e-08,0.0,0.0,0.0,0.000337287686008169,6.479199267335367e-10,0.0,0.0,0.0,3.7512929580470405e-06,0.0024407058571490983,0.0,0.06260548708600258,0.0,0.03027477627771082,0.0,0.0,0.0,0.0,0.0,0.01263308976723319,1.9527369775299854e-07,9.558086910492132e-10,0.0,0.0021552991237992845,1.1103682626309806e-05,0.10145611097921316,2.819316326042535e-06,0.0015366873311151103,0.01962953408681372,5.823052248084814e-06,0.0024742290780640076,0.0,0.0026380067516445786,1.5127150987195307e-05,7.534620569851111e-08,4.1665407917398106e-13,1.2921635045399405e-05,0.0,0.0,0.0,0.0,0.0,0.0,2.4240082218235863e-06,0.0,0.0,0.00011801954771773106,2.0351978590452608e-07,0.033857947603973856,0.0,0.0002517560242936038,0.0,0.051075989025296475,0.009097510470132039,0.0,5.740430936817286e-06,0.0,0.0,1.2086911716914478e-09,1.2295336258865719e-09,0.0,2.645377231008774e-07,0.0,0.0,4.4899078719013694e-05,2.9299450503404092e-06,0.008498130743215147,0.057030242924266485,0.0026221069875854205,1.2765513750919286e-07,6.251597958629657e-07,0.0,0.0,0.0057673776518792665,3.499649859914324e-05,0.009277004450573096,1.3581076113167017e-05,2.968834687651186e-06,0.0,0.0008671219187198751,0.008998792507270956,0.012937999115185133,0.0,6.870595485287473e-05,0.0,0.0,0.0005071320994377172,0.025893171979330276,1.0602143432807465e-05,3.706844599273989e-05,1.5001479767611004e-05,0.0,0.0,1.043393219809226e-06,0.0,0.039171415471076616,7.597402763094236e-05
HRV,0.0,0.0,0.0,0.0,0.0,0.0,0.0,0.0,0.0,0.0,0.0,0.0,0.0,0.0,0.0,0.0,0.0,0.0,0.0,0.0,0.0,0.0,0.0,0.0,0.0,0.0,0.0,0.0,0.0,0.0,0.0,0.0,0.0,0.0,0.0,0.0,0.0,0.0,0.0,0.0,0.0,0.0,0.0,0.0,0.0,0.0,0.0,0.0,0.0,0.0,0.0,0.0,0.0,0.0,0.0,0.0,0.0,0.0,0.0,0.0,0.0,0.0,0.0,0.0,0.0,0.0,0.0,0.0,0.0,0.0,0.0,0.0,0.0,0.0,0.0,0.0,0.0,0.0,0.0,0.0,0.0,0.0,0.0,0.0,0.0,0.0,0.0,0.0,0.0,0.0,0.0,0.0,0.0,0.0,0.0,0.0,0.0,0.0,0.0,0.0,0.0,0.0,0.0,0.0,0.0
LUX,0.0,0.0,0.0,0.0,0.0,0.0,0.0,0.0,0.0,0.0,0.0,0.0,0.0,0.0,0.0,0.0,0.0,0.0,0.0,0.0,0.0,0.0,0.0,0.0,0.0,0.0,0.0,0.0,0.0,0.0,0.0,0.0,0.0,0.0,0.0,0.0,0.0,0.0,0.0,0.0,0.0,0.0,0.0,0.0,0.0,0.0,0.0,0.0,0.0,0.0,0.0,0.0,0.0,0.0,0.0,0.0,0.0,0.0,0.0,0.0,0.0,0.0,0.0,0.0,0.0,0.0,0.0,0.0,0.0,0.0,0.0,0.0,0.0,0.0,0.0,0.0,0.0,0.0,0.0,0.0,0.0,0.0,0.0,0.0,0.0,0.0,0.0,0.0,0.0,0.0,0.0,0.0,0.0,0.0,0.0,0.0,0.0,0.0,0.0,0.0,0.0,0.0,0.0,0.0,0.0
COL,0.0,0.0,0.0,0.0,0.0,0.0,0.0,0.0,0.0,0.0,0.0,0.0,0.0,0.0,0.0,0.0,0.0,0.0,0.0,0.0,0.0,0.0,0.0,0.0,0.0,0.0,0.0,0.0,0.0,0.0,0.0,0.0,0.0,0.0,0.0,0.0,0.0,0.0,0.0,0.0,0.0,0.0,0.0,0.0,0.0,0.0,0.0,0.0,0.0,0.0,0.0,0.0,0.0,0.0,0.0,0.0,0.0,0.0,0.0,0.0,0.0,0.0,0.0,0.0,0.0,0.0,0.0,0.0,0.0,0.0,0.0,0.0,0.0,0.0,0.0,0.0,0.0,0.0,0.0,0.0,0.0,0.0,0.0,0.0,0.0,0.0,0.0,0.0,0.0,0.0,0.0,0.0,0.0,0.0,0.0,0.0,0.0,0.0,0.0,0.0,0.0,0.0,0.0,0.0,0.0
IDN,0.0,0.00050540738742639,5.3679452468144324e-05,0.005547539087616385,0.0,0.00039538335043773825,9.250592370152664e-05,1.1877814456184713e-07,0.0,0.0,0.0,0.0007347146837002601,7.33085511791483e-11,0.0,0.0,0.0,6.901470505798887e-06,0.00030411359055667535,0.0,0.08708454612308662,0.0,0.022270068126867035,0.0,0.0,0.0,0.0,0.0,0.007078479487701956,3.6661574429019894e-07,2.7951821506579513e-10,0.0,0.00013612728552725908,2.1746803382241983e-05,0.06985877601384134,4.128937781387611e-07,0.00020469550895790324,0.008070648827039338,9.66376901796134e-05,0.0032639486149865075,0.0,0.0010904604099424902,1.7088960320573796e-06,1.340895843304224e-07,1.4737252337487373e-13,2.0316598375020377e-05,0.0,0.0,0.0,0.0,0.0,0.0,3.3184577533113914e-06,0.0,0.0,0.00010732336203948314,2.1433537930635918e-07,0.03900633287940918,0.0,0.00021135593809627602,0.0,0.02911661562394628,0.008934143091962731,0.0,4.50836193666052e-06,0.0,0.0,1.8581579698767292e-09,2.250950906362312e-09,0.0,3.381161422230934e-07,0.0,0.0,7.07258225966714e-05,0.00011401811324561387,0.009219065162018753,0.06214237955416706,0.0018705875924566228,1.5590045264991892e-07,1.847130709503073e-07,0.0,0.0,0.008162303019292931,1.440203733561925e-05,0.01173774221978021,1.751069376512589e-05,1.8771616449819596e-06,0.0,0.0005123406343721076,0.008895455497317071,0.01473169150109089,0.0,8.213421081827383e-05,0.0,0.0,0.0006452266203072605,0.05936038475089031,6.684354683256217e-06,5.600090050415251e-05,2.1960507301679197e-05,0.0,0.0,1.5263309902049444e-06,0.0,0.06403093598371448,8.398971463182694e-05
ITA,0.0,0.0005214296446929969,0.00029412803027511493,0.004582263921394647,0.0,0.001179475498161717,8.75629644858631e-05,1.230766262303144e-07,0.0,0.0,0.0,0.0003838078681565089,1.7512144638621578e-10,0.0,0.0,0.0,3.273519925827564e-06,0.000797087941723498,0.0,0.04847097662308384,0.0,0.01990546929297321,0.0,0.0,0.0,0.0,0.0,0.005408272091308538,1.6402102678066492e-06,3.028716451309346e-10,0.0,0.0005317082168610099,1.0501563626248533e-05,0.059270498661711406,8.656987437850002e-07,0.0005045271849586462,0.007920421465274578,2.0303941475166204e-05,0.0031383728230427992,0.0,0.0018672936564022979,4.422527853989843e-06,3.2479722736204935e-07,1.2877013128297132e-13,1.382329252621919e-05,0.0,0.0,0.0,0.0,0.0,0.0,2.268694908696163e-05,0.0,0.0,0.0021482228297804193,1.585014182431271e-07,0.030606156270304115,0.0,0.00021544622077918462,0.0,0.03303433530209491,0.06520502320046852,0.0,3.303745781315863e-06,0.0,0.0,1.313388612631124e-09,3.2701860387941427e-09,0.0,2.916898793781964e-07,0.0,0.0,3.54381203485596e-05,3.359217333895004e-06,0.04348987973793443,0.05539044026390529,0.001573428732162531,9.08222345990604e-07,2.0591389231207916e-07,0.0,0.0,0.00464326353362732,2.5635441737482464e-05,0.048271217007126124,1.4929254743444857e-05,1.7668255483538267e-05,0.0,0.0005152170847777,0.006122641245567574,0.017503859346071134,0.0,6.176856169320854e-05,0.0,0.0,0.000491952361196758,0.03166006214612451,8.559953784011838e-05,7.758875726710524e-05,2.2729419904902453e-05,0.0,0.0,8.102800775751031e-07,0.0,0.03292383042399687,0.0004882874987130861
GBR,0.0,0.00015144868965533614,0.00041247894320801064,0.006504037174313057,0.0,0.0002484415231839298,8.123706256047336e-05,3.1937848868043476e-08,0.0,0.0,0.0,0.0004883701277073537,1.1641242791862804e-10,0.0,0.0,0.0,7.518799660486682e-06,0.0004625504372288751,0.0,0.055531294804213566,0.0,0.020986590557198412,0.0,0.0,0.0,0.0,0.0,0.006756318664759773,2.167980561050092e-06,2.877890526464865e-10,0.0,0.0001768804145199492,1.0052454526891137e-05,0.05863659890709201,7.166708713005463e-07,0.00029190356211134807,0.018193994936980557,6.46719949848991e-06,0.002144121533956016,0.0,0.0012557271900706486,2.592857828671156e-06,1.3083414960401978e-07,1.500470931073947e-13,1.9724406536168085e-05,0.0,0.0,0.0,0.0,0.0,0.0,3.256029461771386e-05,0.0,0.0,8.314463867682993e-05,2.7330879446647795e-07,0.04302646725609656,0.0,0.0004584993126167039,0.0,0.03063613441334626,0.015241994165014008,0.0,5.099580173788596e-06,0.0,0.0,2.5050079133860095e-09,4.650165788768599e-09,0.0,5.152581088271874e-07,0.0,0.0,4.407908623601867e-05,4.632105767266665e-06,0.05944750941326951,0.08766483092525922,0.0017808148834740417,1.2741482981937483e-06,1.858047707337185e-07,0.0,0.0,0.0035608134879495774,2.6614628629059407e-05,0.015752323621047563,2.6184939737175306e-05,1.4807849649068288e-06,0.0,0.0006712508637944594,0.006604546489314141,0.017215240852368714,0.0,0.00010611788852839677,0.0,0.0,0.000772841574709622,0.038739417463621535,4.885306523711309e-06,0.00010529695686058946,0.00022544428006064998,0.0,0.0,6.190871016020507e-07,0.0,0.03169012733833092,4.770173416979751e-05
ECU,0.0,0.0,0.0,0.0,0.0,0.0,0.0,0.0,0.0,0.0,0.0,0.0,0.0,0.0,0.0,0.0,0.0,0.0,0.0,0.0,0.0,0.0,0.0,0.0,0.0,0.0,0.0,0.0,0.0,0.0,0.0,0.0,0.0,0.0,0.0,0.0,0.0,0.0,0.0,0.0,0.0,0.0,0.0,0.0,0.0,0.0,0.0,0.0,0.0,0.0,0.0,0.0,0.0,0.0,0.0,0.0,0.0,0.0,0.0,0.0,0.0,0.0,0.0,0.0,0.0,0.0,0.0,0.0,0.0,0.0,0.0,0.0,0.0,0.0,0.0,0.0,0.0,0.0,0.0,0.0,0.0,0.0,0.0,0.0,0.0,0.0,0.0,0.0,0.0,0.0,0.0,0.0,0.0,0.0,0.0,0.0,0.0,0.0,0.0,0.0,0.0,0.0,0.0,0.0,0.0
FIN,0.0,0.00017505236192220727,0.00010181074227434765,0.004598023811527571,0.0,0.0005827075370795738,0.00010403631583437413,4.230846563769064e-08,0.0,0.0,0.0,0.00045925569463253925,1.4414289477923413e-10,0.0,0.0,0.0,5.982001879061253e-06,0.0003495334228081333,0.0,0.0599316516130039,0.0,0.014487083703527932,0.0,0.0,0.0,0.0,0.0,0.0025250822964348846,5.779511186705754e-07,1.8401882051939102e-10,0.0,0.0003559210465967311,1.2196164080205106e-05,0.043214656801050605,4.80879503299505e-07,0.0002698812486728887,0.0031356365126494635,1.086635909087868e-05,0.0022232767498249887,0.0,0.0010931124733797551,2.8781741519038745e-06,3.647973765658497e-05,1.1292995875512589e-13,1.0134368162221837e-05,0.0,0.0,0.0,0.0,0.0,0.0,7.782331314086368e-06,0.0,0.0,8.332655869153587e-05,1.9374144688489023e-07,0.03051938675428984,0.0,0.0001993613928730344,0.0,0.02053665328562743,0.015655920107887918,0.0,3.967313730750017e-06,0.0,0.0,2.1895729481928217e-09,2.8195715359798822e-09,0.0,3.227859621207895e-07,0.0,0.0,5.226009184934206e-05,1.5435405395900346e-06,0.014834499699767795,0.05294051193350838,0.001415814743843418,3.1347392033747227e-07,1.15845319272225e-07,0.0,0.0,0.0029189503630844987,0.0013876055295261158,0.013854313383929189,1.646429392698956e-05,1.5936290506640965e-06,0.0,0.0005327951500853158,0.00600355050549489,0.013927419007340923,0.0,7.315026072917323e-05,0.0,0.0,0.0005773050106461644,0.035021272829427345,4.794811262903783e-06,6.251172681749363e-05,2.339508609201762e-05,0.0,0.0,5.551757032852396e-07,0.0,0.03437961376410105,0.0008394450656111903
MDG,0.0,0.0,0.0,0.0,0.0,0.0,0.0,0.0,0.0,0.0,0.0,0.0,0.0,0.0,0.0,0.0,0.0,0.0,0.0,0.0,0.0,0.0,0.0,0.0,0.0,0.0,0.0,0.0,0.0,0.0,0.0,0.0,0.0,0.0,0.0,0.0,0.0,0.0,0.0,0.0,0.0,0.0,0.0,0.0,0.0,0.0,0.0,0.0,0.0,0.0,0.0,0.0,0.0,0.0,0.0,0.0,0.0,0.0,0.0,0.0,0.0,0.0,0.0,0.0,0.0,0.0,0.0,0.0,0.0,0.0,0.0,0.0,0.0,0.0,0.0,0.0,0.0,0.0,0.0,0.0,0.0,0.0,0.0,0.0,0.0,0.0,0.0,0.0,0.0,0.0,0.0,0.0,0.0,0.0,0.0,0.0,0.0,0.0,0.0,0.0,0.0,0.0,0.0,0.0,0.0
CIV,0.0,0.0,0.0,0.0,0.0,0.0,0.0,0.0,0.0,0.0,0.0,0.0,0.0,0.0,0.0,0.0,0.0,0.0,0.0,0.0,0.0,0.0,0.0,0.0,0.0,0.0,0.0,0.0,0.0,0.0,0.0,0.0,0.0,0.0,0.0,0.0,0.0,0.0,0.0,0.0,0.0,0.0,0.0,0.0,0.0,0.0,0.0,0.0,0.0,0.0,0.0,0.0,0.0,0.0,0.0,0.0,0.0,0.0,0.0,0.0,0.0,0.0,0.0,0.0,0.0,0.0,0.0,0.0,0.0,0.0,0.0,0.0,0.0,0.0,0.0,0.0,0.0,0.0,0.0,0.0,0.0,0.0,0.0,0.0,0.0,0.0,0.0,0.0,0.0,0.0,0.0,0.0,0.0,0.0,0.0,0.0,0.0,0.0,0.0,0.0,0.0,0.0,0.0,0.0,0.0
IND,0.0,0.0002497873551175657,0.00023970076574959725,0.007638343569822371,0.0,0.0002912942900584189,0.00012279568714205962,4.073157280395282e-08,0.0,0.0,0.0,0.0007832453304324456,1.1961105393163822e-09,0.0,0.0,0.0,1.714252512695223e-05,0.0003908836542796868,0.0,0.1208016181190918,0.0,0.018767400055525175,0.0,0.0,0.0,0.0,0.0,0.01770859880927797,1.168042319702437e-06,1.2249072601468281e-09,0.0,0.0001749080001929424,1.6299938836306122e-05,0.06532122089598888,1.3376145012487296e-06,0.00039900943074468935,0.05244792753002095,9.384135650857977e-06,0.0025357581089477067,0.0,0.0012598898961005826,2.4489116246029813e-05,1.712720792885538e-05,5.85490606854094e-13,4.572330743704215e-05,0.0,0.0,0.0,0.0,0.0,0.0,1.6946704825013763e-05,0.0,0.0,7.253746165068173e-05,8.231751139035588e-05,0.036559870915448045,0.0,0.00015654297045798952,0.0,0.025330726219034407,0.010697968543611214,0.0,0.0010247278407264403,0.0,0.0,9.728101871061337e-07,5.211589452308551e-09,0.0,3.538901591979216e-07,0.0,0.0,0.0001870762358574448,1.3266038955927449e-05,0.0072442587790650746,0.0776672821915851,0.0019777578745741914,1.0614843422232085e-07,9.057777807670272e-07,0.0,0.0,0.0033936934483274383,0.0001585547495708725,0.009657191671449551,1.7945391880725602e-05,2.992702178062266e-06,0.0,0.0006413976335031337,0.007698146927174488,0.010223518417850117,0.0,0.009335651896706699,0.0,0.0,0.000421619573068431,0.0719727246485748,3.88382090088194e-06,0.00012918120201611894,2.412089379780001e-05,0.0,0.0,4.560006607965199e-07,0.0,0.05933180982630191,0.00019302192050592098
SGP,0.0,0.00021241491050951266,7.877151485628e-06,0.002416115021078516,0.0,0.00040941776854154055,0.00011449836200728367,2.2802237726316846e-08,0.0,0.0,0.0,0.0041980424721451805,1.1234857355872285e-11,0.0,0.0,0.0,3.443986263037934e-06,0.00011644711497791326,0.0,0.16910012132148958,0.0,0.024647352111912876,0.0,0.0,0.0,0.0,0.0,0.000458368067949178,3.358039204094234e-08,3.083062670208947e-12,0.0,7.931746936950068e-05,7.28378113428979e-06,0.10192361510072445,8.784096891128512e-08,0.00015138715121250045,0.0005762137708533866,4.72992740792095e-06,0.0020700060813687907,0.0,0.0004160583358484761,8.85460187747174e-07,1.2820765311572033e-08,2.685538909140793e-16,6.809193865530657e-06,0.0,0.0,0.0,0.0,0.0,0.0,7.499719479919971e-08,0.0,0.0,0.00017750389891765868,5.492813648600227e-09,0.02201766716944055,0.0,7.558560602593733e-05,0.0,0.08828024301819884,0.0076255837045684696,0.0,1.0144490861064609e-07,0.0,0.0,5.359671390307398e-11,7.359398725655831e-09,0.0,1.3732127402348645e-07,0.0,0.0,0.0001011657257775632,8.382750214906502e-08,0.004059883316341972,0.07119707704430857,0.005911239965984115,2.4344726857209832e-08,8.410577480021262e-09,0.0,0.0,0.006617637973583351,1.554437224759439e-06,0.008304937560001694,6.984113072289634e-06,7.4014116233981185e-06,0.0,0.00012235546349764718,0.02187678738917685,0.003003772795663242,0.0,9.392145155955941e-06,0.0,0.0,9.781404217349283e-05,0.009724437438858306,7.607744780577546e-06,0.00020066328915385024,3.911046677063141e-06,0.0,0.0,6.476002992681842e-07,0.0,0.05489944121579761,6.168714275606625e-05
SVN,0.0,0.0,0.0,0.0,0.0,0.0,0.0,0.0,0.0,0.0,0.0,0.0,0.0,0.0,0.0,0.0,0.0,0.0,0.0,0.0,0.0,0.0,0.0,0.0,0.0,0.0,0.0,0.0,0.0,0.0,0.0,0.0,0.0,0.0,0.0,0.0,0.0,0.0,0.0,0.0,0.0,0.0,0.0,0.0,0.0,0.0,0.0,0.0,0.0,0.0,0.0,0.0,0.0,0.0,0.0,0.0,0.0,0.0,0.0,0.0,0.0,0.0,0.0,0.0,0.0,0.0,0.0,0.0,0.0,0.0,0.0,0.0,0.0,0.0,0.0,0.0,0.0,0.0,0.0,0.0,0.0,0.0,0.0,0.0,0.0,0.0,0.0,0.0,0.0,0.0,0.0,0.0,0.0,0.0,0.0,0.0,0.0,0.0,0.0,0.0,0.0,0.0,0.0,0.0,0.0
CAN,0.0,0.00040382390061496134,4.072424350814512e-05,0.007918690463001966,0.0,0.00023538463668507472,0.00013426177028366115,9.12471830186486e-08,0.0,0.0,0.0,0.0002621791848337604,2.750125205491597e-08,0.0,0.0,0.0,2.446132769711431e-06,0.0005550714578498945,0.0,0.03799603643975762,0.0,0.02362702997054517,0.0,0.0,0.0,0.0,0.0,0.0014428933490769635,2.7919198579779953e-07,5.126075830938253e-11,0.0,0.0001483879872761554,8.583557119122818e-06,0.07594797120292095,3.4102363408911186e-07,0.0002707519471696678,0.0025681958817842824,0.0019087418160745248,0.0027501173576988582,0.0,0.001503207761660956,0.0005330690757888038,1.0107000474539464e-07,2.321259989808948e-14,3.1983216712266786e-05,0.0,0.0,0.0,0.0,0.0,0.0,8.598698200843466e-06,0.0,0.0,6.164705196196685e-05,1.3952882486013838e-07,0.046445383946275794,0.0,0.0002951558899680481,0.0,0.03018947702695329,0.01346488584169655,0.0,3.845072479833074e-06,0.0,0.0,1.5250305650349963e-09,8.857207316931363e-06,0.0,6.463456727891217e-07,0.0,0.0,2.385213655388945e-05,1.4121639908480473e-06,0.008317802131762338,0.11366486185466648,0.0016502987536224638,1.2435037271093508e-07,4.2977212650945677e-08,0.0,0.0,0.00374170758185434,1.885104817867704e-05,0.014550205143155828,3.896394214211562e-05,1.2292050388257767e-06,0.0,0.0014834656235318685,0.005709458311724301,0.015080370254514655,0.0,0.00010331627331067479,0.0,0.0,0.0006051680175372658,0.024028590087268428,4.958184107150763e-06,2.1187924621771504e-05,1.6681291720571515e-05,0.0,0.0,4.921757495527178e-07,0.0,0.028197615432922908,0.000990160431088079
LTU,0.0,0.0,0.0,0.0,0.0,0.0,0.0,0.0,0.0,0.0,0.0,0.0,0.0,0.0,0.0,0.0,0.0,0.0,0.0,0.0,0.0,0.0,0.0,0.0,0.0,0.0,0.0,0.0,0.0,0.0,0.0,0.0,0.0,0.0,0.0,0.0,0.0,0.0,0.0,0.0,0.0,0.0,0.0,0.0,0.0,0.0,0.0,0.0,0.0,0.0,0.0,0.0,0.0,0.0,0.0,0.0,0.0,0.0,0.0,0.0,0.0,0.0,0.0,0.0,0.0,0.0,0.0,0.0,0.0,0.0,0.0,0.0,0.0,0.0,0.0,0.0,0.0,0.0,0.0,0.0,0.0,0.0,0.0,0.0,0.0,0.0,0.0,0.0,0.0,0.0,0.0,0.0,0.0,0.0,0.0,0.0,0.0,0.0,0.0,0.0,0.0,0.0,0.0,0.0,0.0
CYP,0.0,0.0,0.0,0.0,0.0,0.0,0.0,0.0,0.0,0.0,0.0,0.0,0.0,0.0,0.0,0.0,0.0,0.0,0.0,0.0,0.0,0.0,0.0,0.0,0.0,0.0,0.0,0.0,0.0,0.0,0.0,0.0,0.0,0.0,0.0,0.0,0.0,0.0,0.0,0.0,0.0,0.0,0.0,0.0,0.0,0.0,0.0,0.0,0.0,0.0,0.0,0.0,0.0,0.0,0.0,0.0,0.0,0.0,0.0,0.0,0.0,0.0,0.0,0.0,0.0,0.0,0.0,0.0,0.0,0.0,0.0,0.0,0.0,0.0,0.0,0.0,0.0,0.0,0.0,0.0,0.0,0.0,0.0,0.0,0.0,0.0,0.0,0.0,0.0,0.0,0.0,0.0,0.0,0.0,0.0,0.0,0.0,0.0,0.0,0.0,0.0,0.0,0.0,0.0,0.0
PER,0.0,0.0,0.0,0.0,0.0,0.0,0.0,0.0,0.0,0.0,0.0,0.0,0.0,0.0,0.0,0.0,0.0,0.0,0.0,0.0,0.0,0.0,0.0,0.0,0.0,0.0,0.0,0.0,0.0,0.0,0.0,0.0,0.0,0.0,0.0,0.0,0.0,0.0,0.0,0.0,0.0,0.0,0.0,0.0,0.0,0.0,0.0,0.0,0.0,0.0,0.0,0.0,0.0,0.0,0.0,0.0,0.0,0.0,0.0,0.0,0.0,0.0,0.0,0.0,0.0,0.0,0.0,0.0,0.0,0.0,0.0,0.0,0.0,0.0,0.0,0.0,0.0,0.0,0.0,0.0,0.0,0.0,0.0,0.0,0.0,0.0,0.0,0.0,0.0,0.0,0.0,0.0,0.0,0.0,0.0,0.0,0.0,0.0,0.0,0.0,0.0,0.0,0.0,0.0,0.0
BIH,0.0,0.0,0.0,0.0,0.0,0.0,0.0,0.0,0.0,0.0,0.0,0.0,0.0,0.0,0.0,0.0,0.0,0.0,0.0,0.0,0.0,0.0,0.0,0.0,0.0,0.0,0.0,0.0,0.0,0.0,0.0,0.0,0.0,0.0,0.0,0.0,0.0,0.0,0.0,0.0,0.0,0.0,0.0,0.0,0.0,0.0,0.0,0.0,0.0,0.0,0.0,0.0,0.0,0.0,0.0,0.0,0.0,0.0,0.0,0.0,0.0,0.0,0.0,0.0,0.0,0.0,0.0,0.0,0.0,0.0,0.0,0.0,0.0,0.0,0.0,0.0,0.0,0.0,0.0,0.0,0.0,0.0,0.0,0.0,0.0,0.0,0.0,0.0,0.0,0.0,0.0,0.0,0.0,0.0,0.0,0.0,0.0,0.0,0.0,0.0,0.0,0.0,0.0,0.0,0.0
CHL,0.0,0.0,0.0,0.0,0.0,0.0,0.0,0.0,0.0,0.0,0.0,0.0,0.0,0.0,0.0,0.0,0.0,0.0,0.0,0.0,0.0,0.0,0.0,0.0,0.0,0.0,0.0,0.0,0.0,0.0,0.0,0.0,0.0,0.0,0.0,0.0,0.0,0.0,0.0,0.0,0.0,0.0,0.0,0.0,0.0,0.0,0.0,0.0,0.0,0.0,0.0,0.0,0.0,0.0,0.0,0.0,0.0,0.0,0.0,0.0,0.0,0.0,0.0,0.0,0.0,0.0,0.0,0.0,0.0,0.0,0.0,0.0,0.0,0.0,0.0,0.0,0.0,0.0,0.0,0.0,0.0,0.0,0.0,0.0,0.0,0.0,0.0,0.0,0.0,0.0,0.0,0.0,0.0,0.0,0.0,0.0,0.0,0.0,0.0,0.0,0.0,0.0,0.0,0.0,0.0
JPN,0.0,0.0010084082136340377,4.005080972301436e-05,0.010391887801715965,0.0,0.00011328492352758039,2.7282143053338507e-05,8.556067056821002e-08,0.0,0.0,0.0,0.000956701875317538,4.565319798105624e-11,0.0,0.0,0.0,1.6210963069088583e-06,0.0001968087167566341,0.0,0.024413909795310343,0.0,0.006178315959245685,0.0,0.0,0.0,0.0,0.0,0.0009039389417512026,2.8917134449750617e-07,4.851994637327141e-11,0.0,0.00020817878351506346,0.00011328797505898608,0.02636326251869352,1.9097087469876702e-07,0.00011802098450156726,0.0018660733572120405,1.141271012622129e-05,0.009247444032693931,0.0,0.0008299426559225734,1.0317879991317138e-06,1.3683894833624852e-07,2.5248236485103632e-14,7.659060184455949e-06,0.0,0.0,0.0,0.0,0.0,0.0,2.766486965687002e-06,0.0,0.0,8.688808140979049e-05,1.2678754093110653e-07,0.07304274114848656,0.0,0.00017893474782402818,0.0,0.013643171190971552,0.005368394866570894,0.0,1.7844350101683092e-06,0.0,0.0,1.4179011644232216e-09,1.018510785899961e-09,0.0,2.0074714443904318e-07,0.0,0.0,1.5829357590447122e-05,6.315498461217369e-07,0.007593115999729655,0.07650901276445858,0.0019191056612586843,1.2276132772515652e-07,3.651218192740948e-08,0.0,0.0,0.0014313979087596381,9.634262553627581e-06,0.00964259607035987,1.020224608704779e-05,1.4485932933758826e-06,0.0,0.00040388157728831934,0.015774791628354556,0.013565538098932768,0.0,6.557125023315894e-05,0.0,0.0,0.0005684702243564457,0.12406418960135115,5.055360374616564e-06,3.1805788669141365e-05,1.3610094312355328e-05,0.0,0.0,2.247984639231708e-07,0.0,0.010384469223436214,6.4302262648265e-05
SWE,0.0,0.00017393903637872551,0.00023782846806640873,0.005235932419725356,0.0,0.0014511077309667278,0.0016922170570045415,4.224267577475868e-08,0.0,0.0,0.0,0.0005266301330421942,1.8354725827181376e-10,0.0,0.0,0.0,1.4934396209987848e-05,0.0005483279321149947,0.0,0.0484134465856949,0.0,0.018787378700121593,0.0,0.0,0.0,0.0,0.0,0.005851028313369695,1.2995180436372008e-06,3.3205592115020856e-10,0.0,0.0003366831730809184,1.1872457817411522e-05,0.052576603645708805,7.238837103841919e-07,0.000380453669335577,0.0049890306692395225,7.842544365114103e-06,0.0026302976607584594,0.0,0.0013145509195617274,3.5426123789920594e-06,1.457128475232753e-07,2.141863523590326e-13,2.733725875362697e-05,0.0,0.0,0.0,0.0,0.0,0.0,1.9071881460566597e-05,0.0,0.0,9.397369576233639e-05,2.491294014109031e-07,0.03412643505362727,0.0,0.00025153588769571316,0.0,0.02814733624355878,0.04730171247894828,0.0,4.659019305538664e-06,0.0,0.0,2.311942200160762e-09,3.137796470201809e-09,0.0,3.447363396175343e-07,0.0,0.0,4.218843251068874e-05,3.195165491041716e-06,0.033100331830711524,0.055848697718104266,0.0016042041039043074,7.308926981126933e-07,1.9938093793707984e-07,0.0,0.0,0.0034206060245606995,2.1410245370629658e-05,0.025353122622986248,1.7613193599340073e-05,1.616188557935504e-05,0.0,0.000568230696370726,0.006625005113553045,0.01728168617276631,0.0,8.41169709044622e-05,0.0,0.0,0.0006517243382285734,0.034652560004415835,1.7245776392272973e-05,6.877698004732877e-05,2.7400630474833533e-05,0.0,0.0,6.611405056529626e-07,0.0,0.033266069889376707,4.848689140918867e-05
