time,x,y,vx,vy

0,0.47034,0,0,8.163645962517377
0.01,0.46139769075950254,0.08163645962517377,-1.7884618480994834,8.008435164527054
0.02,0.4346406577625975,0.1601509886989147,-3.5285536496786736,7.5404730082162175
0.03,0.3907038850451477,0.23236801875931817,-5.188567355840421,6.75284485162989
0.04,0.33059037383259676,0.29500302646904186,-6.724868786445228,5.63194845213357
0.05,0.25582324868092354,0.34461341741232016,-8.075616206194063,4.162045392288676
0.060000000000000005,0.16866583138706942,0.3776108925693107,-9.153797734824284,2.3333061924906326
0.07,0.07241090543506591,0.3903835988026007,-9.8411901792502,0.15598126034142235
0.08,-0.02828957964596769,0.37960514032697656,-9.98787104409946,-2.316602822087813
0.09,-0.12715368788900658,0.342824621733636,-9.426736872064756,-4.956416229204704
0.09999999999999999,-0.21627563406031342,0.2793876605599926,-8.016188440280606,-7.530408831633349
0.10999999999999999,-0.286737132669252,0.19155248844749628,-5.716569529127465,-9.698872005401817
0.11999999999999998,-0.33006949181887035,0.08532251687925067,-2.674112321530464,-11.079210268405625
0.12999999999999998,-0.3403318343033424,-0.029729328319353085,0.7551493793399677,-11.378027139313119
0.13999999999999999,-0.3158947492924804,-0.14203457670678188,4.094800825893625,-10.518500810345117
0.15,-0.2599069001551429,-0.24045727730849223,6.9078143434539765,-8.6652504275567
0.16,-0.17924647470511829,-0.31639423691479435,8.916436465165043,-6.135990244441572
0.17,-0.08270805424725956,-0.364737934919984,10.024432601481916,-3.2803196529533847
0.18000000000000002,0.02066389219086401,-0.38374849873929523,10.27088090662194,-0.39774721435237526
0.19000000000000003,0.12265249080942306,-0.37435096507494825,9.768861933195025,2.291116858267687
0.20000000000000004,0.2163720589548186,-0.33932574864609033,8.658930002868628,4.639785576186226
0.21000000000000005,0.29639434804986875,-0.2826291698781838,7.082724530554959,6.558710134568265
0.22000000000000006,0.3586860386551515,-0.20890292298111446,5.171645522097993,7.997661725806738
0.23000000000000007,0.4004810519384304,-0.12314794248163359,3.044306736047037,8.93211490107211
0.24000000000000007,0.4201532086559932,-0.03051473793693052,0.8082481849360357,9.354297385350748
0.25000000000000006,0.41711758047988784,0.06383571806068888,-1.4367617140559732,9.26826004458955
0.26000000000000006,0.3917681296009843,0.15483765752484455,-3.5953015299343574,8.6881139403734
0.2700000000000001,0.34544787714354414,0.23762137655342158,-5.573607624626499,7.638719030664992
0.2800000000000001,0.2804406302433725,0.3076312564789527,-7.278256620095636,6.158248116939783
0.2900000000000001,0.1999671671589539,0.3607771560101752,-8.616834672586403,4.302045949870331
0.3000000000000001,0.10816250005280446,0.393628667945876,-9.501222672692263,2.1469979846514384
0.3100000000000001,0.010004908919068245,0.4036519301124739,-9.85400009489578,-0.20478023099555953
0.3200000000000001,-0.08883574497753804,0.3894741680403637,-9.618012628916496,-2.624618426249173
0.3300000000000001,-0.18225919513823122,0.35114214893779994,-8.768219323941343,-4.960340442529144
0.34000000000000014,-0.26411886236620946,0.29032101530904664,-7.323601038476823,-7.045421239906164
0.35000000000000014,-0.3287131317558032,0.21036775010746978,-5.355630940575967,-8.714711704223301
0.36000000000000015,-0.37132959680426797,0.11621942069602816,-2.9894222506708545,-9.824921379090249
0.37000000000000016,-0.3887535449408265,0.01406723747933196,-0.3949743134567525,-10.275567244169704
0.38000000000000017,-0.3796394028418845,-0.08916115804971465,2.2310756645620025,-10.02480611990683
0.3900000000000002,-0.3446651191806779,-0.18643509505289751,4.689359691129628,-9.095586583616777
0.4000000000000002,-0.28644002615309944,-0.2712615661868902,6.801487638643968,-7.570673600245911
0.4100000000000002,-0.2091959466458366,-0.33822815463792677,8.428181826523671,-5.578714198749976
0.4200000000000002,-0.11833487315147569,-0.3833779521131738,9.478964833300685,-3.2757935958606366
0.4300000000000002,-0.0199209500988642,-0.4043940660467633,9.913504913154641,-0.8271005590690352
0.4400000000000002,0.07980783084672705,-0.40061235220232,9.736785285314637,1.6080945575876262
0.45000000000000023,0.17485939636600262,-0.3729043105463543,8.990934090710589,3.8868415483879084
0.46000000000000024,0.2598177100908355,-0.323477358225042,7.746156352153559,5.888495589835526
0.47000000000000025,0.3300829811479109,-0.2556328988555627,6.092348948927265,7.517299871481974
0.48000000000000026,0.3820334321985324,-0.17351072687637847,4.132125690499371,8.702782817195963
0.49000000000000027,0.4131241049803398,-0.0818364046073747,1.975353473110343,9.39902729053679
0.5000000000000002,0.4219371064625676,0.014321095760109065,-0.26506535136075327,9.58356363111054
0.5100000000000002,0.40819398872362245,0.10978023936660627,-2.4765897931228724,9.256319160093819
0.5200000000000002,0.37273636143098815,0.19946798291842394,-4.5500669300997565,8.438780954561645
0.5300000000000002,0.3174764518494223,0.27863318427495015,-6.382781998240263,7.173309338333993
0.5400000000000003,0.24531582266691665,0.3430529882856297,-7.881814863285379,5.522373505857483
0.5500000000000003,0.1600282952984498,0.38922985598980264,-8.967834284956819,3.567366030042102
0.5600000000000003,0.06610268526886491,0.4145730732286076,-9.57927488602187,1.4065969324319152
0.5700000000000003,-0.03145746183321019,0.41755453489994715,-9.676631904533986,-0.8479130090064602
0.5800000000000003,-0.12737622053041064,0.3978252070398459,-9.24640174044225,-3.0751071901443634
0.5900000000000003,-0.21638317278954444,0.3562769262759651,-8.30403595864062,-5.15108875443277
0.6000000000000003,-0.29351348025233226,0.2950350824026929,-6.895218223906284,-6.9565888442877055
0.6100000000000003,-0.35441011068318606,0.21737188139519054,-5.094866851651157,-8.385126014378796
0.6200000000000003,-0.3956032927783709,0.1275372466991324,-3.003528352782928,-9.3509920948683
0.6300000000000003,-0.41474075883715983,0.030514014156731786,-0.7412256493948881,-9.796059477309296
0.6400000000000003,-0.4107451791674778,-0.06828589738660266,1.5607296946717009,-9.694472966146238
0.6500000000000004,-0.38388230145512703,-0.1633594001361716,3.7690774355986947,-9.054571578572604
0.6600000000000004,-0.33573341253423095,-0.24945471194285768,5.758019283378795,-7.917816876346051
0.6700000000000004,-0.269076741899576,-0.3218889283002103,7.417648078638765,-6.354969984810664
0.6800000000000004,-0.1876920750810605,-0.3768156782029214,8.660576965295695,-4.460139321804402
0.6900000000000004,-0.09610943491098183,-0.41142537177979827,9.426305943100171,-2.343533686916302
0.7000000000000004,0.0006745123544949078,-0.4240692893104262,9.683237649086616,-0.12378045809502902
0.7100000000000004,0.09748939234026953,-0.41430695367134074,9.42856012175277,2.079458387613328
0.7200000000000004,0.18927374168561054,-0.3828826385121009,8.686404416997586,4.152052694239927
0.7300000000000004,0.2713322467066087,-0.3316409664576132,7.504754339143842,5.99086375644245
0.7400000000000004,0.33955732439025826,-0.2633934412437543,5.951559228890274,7.508005071745671
0.7500000000000004,0.3906089594007054,-0.1817479281610967,4.110416554022884,8.633949662501772
0.7600000000000005,0.42204990551585625,-0.09091219542165764,2.0760856591882146,9.319602834133763
0.7700000000000005,0.43243549253155217,0.004518731027546477,-0.05000475219752465,9.53747828939066
0.7800000000000005,0.42135851276863245,0.09978299035731726,-2.164168135016316,9.282096559855615
0.7900000000000005,0.38945027911064506,0.19017270736615516,-4.164747858533225,8.56968520764979
0.8000000000000005,0.3383392697384936,0.27124841685397083,-5.956251829911808,7.437215781777031
0.8100000000000005,0.2705691018385332,0.3390404577316019,-7.453291197765491,5.940775674194699
0.8200000000000005,0.18947814533427468,0.39023056359244124,-8.584247488975615,4.153253182778283
0.8300000000000005,0.09904404976827377,0.422306644803544,-9.294549700689025,2.1613173456366988
0.8400000000000005,0.0036978605823653615,0.4336836833108732,-9.549400975616818,0.06170298212838565
0.8500000000000005,-0.09188582129408006,0.4237840009560442,-9.335765005443566,-2.0431357337439384
0.8600000000000005,-0.1830142103773131,0.3930711320616932,-8.66341587979568,-4.049869105261999
0.8700000000000006,-0.26520692082989383,0.34303326301021037,-7.564879618145517,-5.8594211651964745
0.8800000000000006,-0.33441996997651086,0.2761147010797518,-6.094154113619652,-7.382101295112842
0.8900000000000006,-0.3872506774650353,0.19559695764242702,-4.324183201690515,-8.542406064230677
0.9000000000000006,-0.4211112165728546,0.10543448733798262,-2.3431696599255494,-9.283145005721448
0.9100000000000006,-0.43435999274088644,0.01005351840542898,-0.24992522063189915,-9.568572387797222
0.9200000000000006,-0.42638253346935334,-0.0858746951433951,1.8514452416006337,-9.386277491510727
0.9300000000000006,-0.3976169439098365,-0.17767286091537157,3.8571600141887186,-8.747689716745526
0.9400000000000006,-0.3495228401077146,-0.26089468169761465,5.669285859008635,-7.6871765583321245
0.9500000000000006,-0.2844965694835777,-0.3315461302355357,7.200799717212956,-6.259833539772679
0.9600000000000006,-0.2057390304303894,-0.386278695948975,8.379872644137327,-4.538168115687603
0.9700000000000006,-0.11708516431909613,-0.4225447658558924,9.153147861885046,-2.607951747476557
0.9800000000000006,-0.02280600890922886,-0.43870828369859777,9.487883231626121,-0.5635501433771184
0.9900000000000007,0.07260497728162314,-0.4341069956127956,9.372924378772463,1.4969576015955859
1.0000000000000007,0.16464969791301715,-0.4090656130373746,8.818556582449,3.476587689289592
1.0100000000000007,0.24903650277418748,-0.3648618659148975,7.85534462688936,5.283950682485843
1.0200000000000007,0.3218750856667766,-0.30364954750740186,6.532108332374347,6.837257456548016
1.0300000000000007,0.37984731150884266,-0.22834422993577963,4.913199685239963,8.067701926542972
1.0400000000000007,0.4203477898806165,-0.14247839563620937,3.0752501445945466,8.922137274690218
1.0500000000000007,0.44158968477849,-0.05003336858418672,1.1035495607071777,9.364999732382001
1.0600000000000007,0.4426728223229507,0.044744259244585416,-0.9117933763648938,9.379461504187123
1.0700000000000007,0.4236126081955442,0.13753393350932944,-2.879770881369537,8.96781384758348
1.0800000000000007,0.385329608534556,0.22413249093523943,-4.712346870989996,8.151095487324833
1.0900000000000007,0.32960091390220486,0.30063809278515136,-6.328155373554744,6.9679936641102405
1.1000000000000008,0.25897562924447964,0.36361960971548213,-7.65590598323013,5.473058118036369
1.1100000000000008,0.17665803448942108,0.41026481148290783,-8.637377636764556,3.734284311984169
1.1200000000000008,0.08636313909506652,0.438501376685958,-9.229885362561633,1.83014218848529
1.1300000000000008,-0.007849519518528608,0.44708561910361516,-9.408112332904183,-0.15384960977313655
1.1400000000000008,-0.1017569652875305,0.43565495836172036,-9.165214016701182,-2.1288784799528844
1.1500000000000008,-0.19116105956970522,0.4047415514679047,-8.513124138823734,-4.0067710667125365
1.1600000000000008,-0.27207570469104303,0.35574612446137294,-7.482023924487566,-5.703933699122072
1.1700000000000008,-0.3409045174984503,0.29087284015925524,-6.118975686189991,-7.1451158447595695
1.1800000000000008,-0.3946007448548374,0.21302791425419076,-4.485766654461747,-8.266810295804392
1.1900000000000008,-0.4308018855539024,0.1256865265403263,-2.656055297608883,-9.020114682587922
1.2000000000000008,-0.4479326322266549,0.032734232052475845,-0.7119557422236142,-9.372903263252534
1.2100000000000009,-0.4452712998454975,-0.06170957305579529,1.2597682183635341,-9.311194540408339
1.2200000000000009,-0.42297676895292774,-0.1534776447495753,3.171703490814464,-8.839646242564646
1.2300000000000009,-0.38207501349941936,-0.23854141994401745,4.939775708203898,-7.981160475713146
1.2400000000000009,-0.32440635926155537,-0.31318924407678617,6.487022271707145,-6.7756336771601555
1.2500000000000009,-0.25253658315447985,-0.3741880535296245,7.746965722073097,-5.27793376215708
1.260000000000001,-0.16963668681119587,-0.4189213069677185,8.666432230642853,-3.5552266657793195
1.270000000000001,-0.07933755967608092,-0.4454973479161483,9.207697576455159,-1.6838036917715853
1.280000000000001,0.014433275029328299,-0.4528240049908611,9.34988478440681,0.2544215289814886
1.290000000000001,0.10762508738008338,-0.440646976533291,9.08957989703257,2.1755719162127325
1.300000000000001,0.1962396618434779,-0.40955129113984345,8.44067199370524,3.997451676368017
1.310000000000001,0.2765016751415956,-0.36092679027292174,7.433458297729639,5.643019771720831
1.320000000000001,0.34501665506476104,-0.29690007202861585,6.113083746470458,7.043553764513682
1.330000000000001,0.3989102602820087,-0.2202366182988064,4.537406366176458,8.141388072249416
1.340000000000001,0.4359436261914933,-0.13421787465321772,2.7743955154616167,8.892134759077058
1.350000000000001,0.45460065646597003,-0.04249885398897957,0.8991803014806277,9.266319352058554
1.360000000000001,0.4541443535088267,0.05104760635153488,-1.009128835074446,9.250387936495672
1.370000000000001,0.43464053228460364,0.14249348010839835,-2.8707203455173014,8.847064557687267
1.380000000000001,0.39694851765368505,0.2280185260058778,-4.608339564249455,8.075059689074369
1.390000000000001,0.3426796574988988,0.3040671591160323,-6.150404022750584,6.968151348239775
1.400000000000001,0.27412566692786455,0.367493097381297,-7.433861798090792,5.573680491544785
1.410000000000001,0.19415992650512168,0.41568617726483126,-8.406687476494673,3.9505215999936913
1.420000000000001,0.10611586123374357,0.44667643784821454,-9.029922187390973,2.166607654351064
1.430000000000001,0.013647395230071122,0.459211454911642,-9.279179327713553,0.2961054808862058
1.440000000000001,-0.07942282419894367,0.45280394699227006,-9.14555618464096,-1.5836480350852407
1.450000000000001,-0.16926124411912336,0.4277478467849214,-8.635913540533718,-3.395327073523464
1.460000000000001,-0.2521808154899112,0.3851022961523355,-7.772510013500165,-5.064786485300975
1.470000000000001,-0.32479154289428863,0.3266443340953968,-6.592004470805162,-6.524089128076044
1.480000000000001,-0.38413799279420163,0.25479234857374883,-5.143867114171338,-7.714264148886668
1.490000000000001,-0.427818120423644,0.172503594073191,-3.4882662751014823,-8.587679579877605
1.500000000000001,-0.4540785726771568,0.08315017531557009,-1.69352194982,-9.109928798052108
1.5100000000000011,-0.46188264445782484,-0.009621194501071809,0.1667629312803116,-9.261151967982743
1.5200000000000011,-0.4509482613566214,-0.10203968410786758,2.0167679234423375,-9.036739415473274
1.5300000000000011,-0.4217546727268269,-0.19036471326773552,3.781583387767086,-8.447392471120718
1.5400000000000011,-0.3755178990574303,-0.27103773216198446,5.390266584493604,-7.518546944305502
1.5500000000000012,-0.3141363164086289,-0.34082514027524435,6.778695927156569,-6.28919324864749
1.5600000000000012,-0.24010901169431914,-0.3969465514950135,7.89210562732141,-4.810153620509746
1.5700000000000012,-0.15643064647008653,-0.4371833375635885,8.687200172171416,-3.14189943650931
1.5800000000000012,-0.06646747560215573,-0.4599633109004395,9.133769396395298,-1.3520092980989245
1.5900000000000012,0.026180153548571533,-0.46441848724189655,9.215748906582501,0.48761931062164354
1.6000000000000012,0.11782306564907298,-0.45041404149339814,8.931695840022671,2.303685568893095
1.6100000000000012,0.2048303542540719,-0.4185477795990451,8.29467504218016,4.024407969924736
1.6200000000000012,0.28377245134415585,-0.3701206414553678,7.3315745735914994,5.582338162390707
1.6300000000000012,0.35155461120681225,-0.3070798772305157,6.081891098662922,6.916958634542503
1.6400000000000012,0.40553575572362455,-0.23193756169552224,4.596044516254944,7.976969050883919
1.6500000000000012,0.4436283067628777,-0.14766799626103155,2.9332967561085392,8.722180992234822
1.6600000000000013,0.46437544935565245,-0.057588272292192974,1.1593617769785571,9.12495780290828
1.6700000000000013,0.4670031914663558,0.034773184690675196,-0.6561975992046007,9.171154518805197
1.6800000000000013,0.4514455772021898,0.12581491220560864,-2.442685262413675,8.860531830461689
1.6900000000000013,0.4183424356634065,0.21200220587294383,-4.130997313377694,8.206637198153336
1.7000000000000013,0.3690100737873586,0.2900030947364793,-5.656256547246723,7.2361651130709514
1.7100000000000013,0.30538631616091,0.35681539173664667,-6.960259682614885,5.9878266516567855
1.7200000000000013,0.22995222686824224,0.4098801038837585,-7.993648809138795,4.510775467928125
1.7300000000000013,0.14563368855285574,0.4471770396573133,-8.717729080786432,2.8626527686247325
1.7400000000000013,0.05568673453631805,0.4672991491226843,-9.105867847915832,1.1073271602909434
1.7500000000000013,-0.03642889373309631,0.4695029522289283,-9.144425888418041,-0.6875839181281991
1.7600000000000013,-0.1271830805893904,0.4537333251462892,-8.833188750278246,-2.453316605790989
1.7700000000000014,-0.21311044886804767,0.4206218914612347,-8.185284923522103,-4.12258780651012
1.7800000000000014,-0.2909421019574668,0.37145926915028427,-7.226596973702617,-5.632147254520509
1.7900000000000014,-0.35772900459910423,0.3081424176441614,-5.994691151965191,-6.925157570133276
1.8000000000000014,-0.41095236231029236,0.23309927318808799,-4.537309547239932,-7.95331226504662
1.8100000000000014,-0.448616888882219,0.1491937172027241,-2.9104857483805904,-8.678612161964974
1.8200000000000014,-0.46932353959693046,0.05961465640318708,-1.1763594616063116,-9.07473447064906
1.8300000000000014,-0.47231910671146754,-0.032246425209161864,0.5992230998109425,-9.127945242862157
1.8400000000000014,-0.4575209893024145,-0.12292467740362834,2.3492285058744513,-8.837524384304924
1.8500000000000014,-0.4255164231927841,-0.20901287993793988,4.007976790596131,-8.215691990960794
1.8600000000000014,-0.3775364473725105,-0.2872892323341036,5.5136056170158065,-7.287044599211839
1.8700000000000014,-0.3154058497703166,-0.35483712880147117,6.810364446869796,-6.087529092230383
1.8800000000000014,-0.24147123801933168,-0.4091524789677975,7.850653414557985,-4.662999645454551
1.8900000000000015,-0.15851018441878434,-0.44823467100240494,8.596733066208511,-3.067418485058194
1.9000000000000015,-0.06962506855634408,-0.470657950751006,9.022045255300648,-1.360773785108464
1.9100000000000015,0.021874237367491167,-0.4756207778062299,9.112101579365994,0.39320267824326605
1.9200000000000015,0.11259434257242129,-0.46297158283919077,8.864913044556157,2.129429704274493
1.9300000000000015,0.19918429729418213,-0.43321025430613036,8.290952402920244,3.783892038969605
1.9400000000000015,0.2784588662845544,-0.3874655912542141,7.412658106576266,5.295987550566693
1.9500000000000015,0.34751461875823,-0.3274498384306599,6.2635054180123095,6.610721318991557
1.9600000000000015,0.40383467160660075,-0.25539223911551967,4.886685349785531,7.68066916909839
1.9700000000000015,0.4453783999541708,-0.1739542726456419,3.3334453222985214,8.467643113319943
1.9800000000000015,0.470653028177979,-0.08612986443154393,1.6611563688434237,8.944003164569812
1.9900000000000015,0.47876471107045604,0.004865651906293969,-0.06881987591694716,9.093573551194178
2.0000000000000013,0.4694474824932415,0.09571369119833316,-1.7933854624730392,8.912136017487176
2.010000000000001,0.4430692599712129,0.18311336438706,-3.4499998283006077,8.407488131675459
2.020000000000001,0.40061492006533556,0.2639008448668831,-4.978930935124902,7.599069863112997
2.0300000000000007,0.34364727314107796,0.33516288948296113,-6.325384480862967,6.517176660785572
2.0400000000000005,0.27424754034271037,0.39434050529121617,-7.441437059205199,5.2017914140160215
2.0500000000000003,0.19493764479906128,0.4393191446919708,-8.287706798737851,3.701080575327289
2.06,0.1085872501554009,0.4685023248604243,-8.834704844010664,2.0696109773341917
2.07,0.01830899215002732,0.480866184117933,-9.063822725682408,0.36635312270419695
2.0799999999999996,-0.07265426366736256,0.4759931862794807,-8.967923827120552,-1.347456337736671
2.0899999999999994,-0.16104605555313073,0.4540839395644089,-8.551521355771495,-3.0105158409656703
2.099999999999999,-0.243712664621745,0.4159468827997816,-7.830539987528635,-4.563645099153161
2.109999999999999,-0.31771501916914247,0.3629663805934332,-6.8316731561491535,-5.951878603305938
2.1199999999999988,-0.38043221675581285,0.2970505328628632,-5.591362276912271,-7.126392702427812
2.1299999999999986,-0.42965304857317405,0.22056071530934895,-4.154437499276543,-8.046199048216863
2.1399999999999983,-0.4636523693500676,0.1362255006980209,-2.572471381439068,-8.679546126361165
2.149999999999998,-0.4812497240575767,0.04704214359503385,-0.901906727390638,-9.004981591503602
2.159999999999998,-0.4818482984093173,-0.04383077520688944,0.797972643679477,-9.012040761642892
2.1699999999999977,-0.4654529788525945,-0.13318566809287333,2.4671544889896997,-8.701540417907026
2.1799999999999975,-0.4326670623967782,-0.21787920938296845,4.047018210032672,-8.085471459693894
2.1899999999999973,-0.3846679191238698,-0.29494254661304686,5.482387143086503,-7.186498424679748
2.199999999999997,-0.3231626525440914,-0.36168459857935437,6.723441192980781,-6.03708784542199
2.209999999999997,-0.250325498297433,-0.4157848712260632,7.727423870700185,-4.67830035792013
2.2199999999999966,-0.16871932555712255,-0.455372632425046,8.460086024128563,-3.1582929357189125
2.2299999999999964,-0.08120413657993726,-0.47908980281338914,8.896818708442773,-1.5305872025680793
2.239999999999996,0.00916411915047187,-0.48613552160330287,9.023439304637638,0.14783282870429093
2.249999999999996,0.09924080165658002,-0.47629101054443485,8.836607695820723,1.8185252438125554
2.259999999999996,0.18590212640329326,-0.4499240612640157,8.343862565650657,3.4236261006984403
2.2699999999999956,0.26615318469010374,-0.4079731856677658,7.563281206657781,4.907845876980411
2.2799999999999954,0.33723072307344215,-0.3519121708999804,6.522779152369339,6.220358152457713
2.289999999999995,0.3966971919163973,-0.2836964456615805,5.259078045053145,7.316516949887939
2.299999999999995,0.4425229145825399,-0.20569327154044809,3.8163810364192865,8.159345980422831
2.3099999999999947,0.4731536722157542,-0.12059830207454851,2.244804363857047,8.720751639828919
2.3199999999999945,0.4875615275993662,-0.03134148730060267,0.5986212841372098,8.982421648417851
2.3299999999999943,0.4852773060453808,0.059014370217372825,-1.0656199196253717,8.936382359488125
2.339999999999994,0.46640379074115396,0.14737888943731642,-2.6910387455282296,8.585199595356327
2.349999999999994,0.43160935260415473,0.2307396049664806,-4.222359787920444,7.941820014342643
2.3599999999999937,0.3821023982853694,0.3062641017469953,-5.607779257112052,7.029062074538318
2.3699999999999934,0.3195876626916294,0.3713953605473461,-6.800698536859562,5.878777259231213
2.3799999999999932,0.24620597343086456,0.4239371470679322,-7.761267751048147,4.5307130024279925
2.389999999999993,0.16445965468161206,0.4621266428230378,-8.457689264185758,3.031118367430492
2.399999999999993,0.07712620006592426,0.48469197093680416,-8.867239567469476,1.431141690602293
2.4099999999999926,-0.012836786255296329,0.4908927986577963,-8.976977815015939,-0.21492414433668028
2.4199999999999924,-0.10239211515798037,0.4805427825680656,-8.78412004529951,-1.8514885860761574
2.429999999999992,-0.1885255854143591,0.454013242265491,-8.296069492138269,-3.4235397239594003
2.439999999999992,-0.2683471459127923,0.41221808281039685,-7.53010497885084,-4.878486899725582
2.4499999999999917,-0.33918726680047334,0.3565806141598168,-6.512740811517663,-6.1679082104320635
2.4599999999999915,-0.3986853290198488,0.2889835162178804,-5.278782460545156,-7.249145245235686
2.4699999999999913,-0.44486713667931416,0.21170375111318873,-3.8701122802466044,-8.086693056528821
2.479999999999991,-0.4762090458593602,0.12733471171437555,-2.3342482319451587,-8.653340721271245
2.489999999999991,-0.4916866728093867,0.038698301419615874,-0.722725759467004,-8.93102663703207
2.4999999999999907,-0.4908066774152058,-0.05125004797633377,0.9106416155875576,-8.911382605657638
2.5099999999999905,-0.47362069566734344,-0.13952020555146658,2.5115639259896305,-8.595951434393879
2.5199999999999902,-0.440721097645881,-0.22318670454292458,4.027078111241742,-7.9960738543717635
2.52999999999999,-0.3932188546506679,-0.2994853398760858,5.4072931840002685,-7.132451634666906
2.53999999999999,-0.3327043900616099,-0.3659038233561782,6.60701991187115,-6.034404476922908
2.5499999999999896,-0.2611928436767119,-0.4202635474239653,7.587232210441974,-4.738848250553275
2.5599999999999894,-0.18105568053795373,-0.4607898311147831,8.316313641498155,-3.2890310442241266
2.569999999999989,-0.09494100664243955,-0.48616842773980185,8.771050072726652,-1.7330710820658317
2.579999999999989,-0.005685302116607324,-0.4955865481229531,8.937338397332065,-0.12234655233364
2.5899999999999888,0.08378046288810884,-0.4887571792458788,8.81059091590871,1.490208348870414
2.5999999999999885,0.17052721011804323,-0.46592603774375396,8.395825209666294,3.0518444530616033
2.6099999999999883,0.2517234632932297,-0.42786107196972323,7.707439736295625,4.511718519417421
2.619999999999988,0.32472727049552175,-0.37582499631176103,6.768685613652888,5.822538149056172
2.629999999999988,0.3871713775238785,-0.31153188862981535,5.610854793196502,6.94207801894588
2.6399999999999877,0.4370389394923492,-0.2370893887136713,4.272213760791574,7.834519551065278
2.6499999999999875,0.4727273912499495,-0.15492848680259497,2.7967197666484536,8.471572411261462
2.6599999999999873,0.4930985032259021,-0.0677232727991043,1.2325631488480888,8.833343752477182
2.669999999999987,0.4975131140013316,0.021696682349153187,-0.3694156078340052,8.908929618462754
2.679999999999987,0.4858495386305063,0.11043842998876728,-1.9573819783510114,8.696712122311002
2.6899999999999866,0.45850518574514265,0.19563923179051196,-3.480182813192677,8.204355609455444
2.6999999999999864,0.416381459482674,0.2745586126956852,-4.88898718121002,7.448504701166428
2.709999999999986,0.36085255697121266,0.34466593582712346,-6.138840436183954,6.454196588644096
2.719999999999986,0.29371928167073136,0.4037207261898755,-7.1900826130467,5.2540089172469555
2.7299999999999858,0.21714946150649428,0.4498432262576469,-8.009587075106442,3.88697279220259
2.7399999999999856,0.13360697410197891,0.4815730002313397,-8.57178148726831,2.3972876052108556
2.7499999999999853,0.04577172707903639,0.4979138034800599,-8.859420475013128,0.8328803133691871
2.759999999999985,-0.043546790851480194,0.4983633861086212,-8.86408750497843,-0.7561436746123689
2.769999999999985,-0.13149959008466308,0.4829273899022961,-8.586412325083883,-2.319107862442905
2.7799999999999847,-0.21528900192088915,0.45211701020160994,-8.035999447538535,-3.8063787655084047
2.7899999999999845,-0.29225735297046906,0.4069306121406837,-7.231072355339286,-5.170935500556158
2.7999999999999843,-0.35997069534673054,0.34881999770524164,-6.197847071004493,-6.369845509940296
2.809999999999984,-0.4162949756889635,0.27964250029317095,-4.969657163909399,-7.365600497031734
2.819999999999984,-0.45946228702462705,0.20160052195554484,-3.5858599269975544,-8.127271501593553
2.8299999999999836,-0.48812518047977027,0.11717051179466309,-2.090560089300762,-8.63144814755752
2.8399999999999834,-0.5013974076001355,0.02902370052454345,-0.5311928468737601,-8.862934243627272
2.849999999999983,-0.4988799054589317,-0.06005885336806345,1.04298796805082,-8.815179870673031
2.859999999999983,-0.4806713113314353,-0.1472741928884212,2.5824682149039573,-8.490438586622895
2.869999999999983,-0.4473627861497119,-0.22988558369470125,4.039028915743789,-7.899647142584439
2.8799999999999826,-0.40001742046660144,-0.30530806131451976,5.3672500947951365,-7.062033851195924
2.8899999999999824,-0.3401349776400381,-0.3711887429544774,6.525916321452695,-6.004470202007264
2.899999999999982,-0.2696031814119827,-0.4254794292190075,7.47928084409606,-4.760588214856921
2.909999999999982,-0.1906371651205775,-0.466499283395206,8.198150065465676,-3.369693118623469
2.9199999999999817,-0.10570905510143516,-0.4929857047309155,8.660756112835903,-1.8755070268703902
2.9299999999999815,-0.017469950956417027,-0.5041318962418376,8.853392192642414,-0.3247841771733
2.9399999999999813,0.07133321795343926,-0.49961005436341754,8.77079305853688,1.2341581284418535
2.949999999999981,0.15794334303038104,-0.47957956340295327,8.416251015164253,2.752946590055606
2.959999999999981,0.23967862236184603,-0.44468004774477604,7.801466168899969,4.18464999873048
2.9699999999999807,0.31401523878251175,-0.39600960438941823,6.946137861818617,5.4852221311418905
2.9799999999999804,0.37866469646924794,-0.33508899317499696,5.877312133711689,6.6148454165344805
2.9899999999999802,0.43164346902034906,-0.26381298812118825,4.628507410971616,7.539134852324555
2.99999999999998,0.47133286875568664,-0.18439047802534136,3.2386472039335663,8.230166353860627
3.00999999999998,0.4965273652610747,-0.09927523645184837,1.750834216495776,8.667299471304519
3.0199999999999796,0.5064699505184688,-0.01108955108268865,0.211004776543112,8.837771002712799
3.0299999999999794,0.5008735564449898,0.07745689744580724,-1.3334942378656296,8.737043265404562
3.039999999999979,0.4799279654196853,0.16365039188034786,-2.8353618551589355,8.368898430296442
3.049999999999979,0.44429210190008656,0.24485620718993786,-4.248788143084223,7.7452781401623385
3.0599999999999787,0.3950720398062448,0.31859878033845523,-5.53084408693955,6.8858753852096495
3.0699999999999785,0.3337854924661059,0.3826365971501923,-6.642774379211658,5.8174930657053014
3.0799999999999783,0.2623139566616337,0.43502955268878796,-7.551154625321926,4.573190611286529
3.089999999999978,0.18284404775450452,0.47419678814277666,-8.22887893602758,3.1912462478204993
3.099999999999978,0.09779987838547151,0.49896331195734095,-8.655949323195074,1.7139678267584872
3.1099999999999777,0.00976858983185687,0.508594066079578,-8.820044567891747,0.18638940908176704
3.1199999999999775,-0.0785786643610782,0.5028144885573472,-8.716853091693068,-1.3451060908367234
3.1299999999999772,-0.16456786346205074,0.48181703921514807,-8.35016162133458,-2.8341960278918927
3.139999999999977,-0.24560292895938024,0.4462535829645139,-7.731698871220892,-4.2360161616525
3.149999999999977,-0.3192437631774028,0.3972139524934742,-6.880740852704865,-5.5085057625967
3.1599999999999766,-0.38327918430450436,0.33619142577643935,-5.823491532088703,-6.613659616420616
3.1699999999999764,-0.4357925965898008,0.2650362417475939,-4.592259189976827,-7.518650007906628
3.179999999999976,-0.47521846942740886,0.18589862818610736,-3.224454788605537,-8.1967859979842
3.189999999999976,-0.500387989732977,0.10116311920647758,-1.7614437591935406,-8.628282479083243
3.1999999999999758,-0.5105625891508494,0.013376187099877507,-0.2472867337680522,-8.800817439199923
3.2099999999999755,-0.5054544206397119,-0.07483060222411925,1.2725922475098925,-8.709862397237725
3.2199999999999753,-0.48523325633525716,-0.16081958418526182,2.7527696998906186,-8.358777888521118
3.229999999999975,-0.4505196881432299,-0.2420257686471754,4.149177877595724,-7.7586729680641655
3.239999999999975,-0.4023649219094594,-0.31603304397009524,5.420410858602587,-6.928034745769065
3.2499999999999747,-0.34221785302685587,-0.3806455594910261,6.5289430400069355,-5.892140761786591
3.2599999999999745,-0.271880484268226,-0.4339521948117269,7.442224508752127,-4.682273351721728
3.2699999999999743,-0.1934530846324059,-0.4743822458549798,8.133621733519368,-3.334760856457531
3.279999999999974,-0.10927078138637342,-0.5007507326916932,8.583176899111642,-1.8898754379763663
3.289999999999974,-0.021833518049881456,-0.512292053917058,8.778164818836476,-0.3906212347351785
3.2999999999999736,0.06626850775593686,-0.5086810669152547,8.713432537563506,1.118550478229184
3.3099999999999734,0.15243169560565464,-0.4900410518454457,8.391513288543877,2.5930606418930644
3.319999999999973,0.23411590152304784,-0.45693840818276704,7.822513192757884,3.9895171323935266
3.329999999999973,0.30891904143111937,-0.4103643245080026,7.023775790334906,5.266986195823965
3.3399999999999728,0.3746472588571949,-0.3517040434314566,6.019335973031415,6.3881835726890905
3.3499999999999726,0.4293786239883682,-0.28269470299098964,4.839180957841966,7.320550978864411
3.3599999999999723,0.47151853644695785,-0.20537306328650595,3.518341432225708,8.037187278654029
3.369999999999972,0.4998452610488744,-0.122014713271557,2.0958407582408274,8.517608211173973
3.379999999999972,0.513544326278986,-0.03506658960080179,0.6135340166492624,8.748313771653798
3.3899999999999717,0.5122308500568523,0.052925179160702274,-0.8851283998734605,8.72314814354445
3.3999999999999715,0.49595921647707003,0.1393899685256313,-2.3563760462988794,8.443443250996758
3.4099999999999713,0.46521989991082063,0.221807701867284,-3.7573951320357537,7.917943371226394
3.419999999999971,0.42092360820014246,0.2977820558453567,-5.047569554425822,7.162514626176228
3.429999999999971,0.36437328376411976,0.36510971095991984,-6.189650495256735,6.199649378497863
3.4399999999999706,0.2972248497276003,0.42184366109731025,-7.150821194188557,5.057781411264214
3.4499999999999704,0.22143790779753517,0.46634878268537133,-7.9036268316502625,3.7704331092604906
3.45999999999997,0.13921787660207335,0.4973481012635019,-8.426743607835645,2.3752205341595594
3.46999999999997,0.05295129580394037,0.513958473567565,-8.705565965570225,0.9127461690499006
3.47999999999997,-0.034863793879730556,0.5157147181418417,-8.732596325908453,-0.5745879035954091
3.4899999999999696,-0.12169035640199645,0.5025815676254308,-8.507627524838739,-2.0438116088505214
3.4999999999999694,-0.20502564504547016,0.47495317119768554,-8.037714186266165,-3.452627490876243
3.509999999999969,-0.2824731519080774,0.4336402358522789,-7.336935364692694,-4.760624587271743
3.519999999999969,-0.35181116160662246,0.3798452498151621,-6.425956765314649,-5.930430888377181
3.5299999999999687,-0.4110559607851429,0.31512657040570635,-5.3314065296235125,-6.928771752089311
3.5399999999999685,-0.45851792214304776,0.2413524723924314,-4.085083801284338,-7.72740460894781
3.5499999999999683,-0.49284889846022284,0.1606465326649652,-2.7230239150486986,-8.30390407799577
3.559999999999968,-0.5130796218278385,0.07532596514452983,-1.284447954436395,-8.642276104468856
3.569999999999968,-0.5186460981689903,-0.012165290130457529,0.18937250225221525,-8.73338479006328
3.5799999999999677,-0.5094043084033161,-0.09932678285515549,1.6563024625944118,-8.575181064915277
3.5899999999999674,-0.48563286586227133,-0.18367305187623173,3.0745482376744837,-8.172728086744286
3.5999999999999672,-0.44802362499870013,-0.26280436456022316,4.403845387287876,-7.5380240805770224
3.609999999999967,-0.39766057915617015,-0.33447468856486107,5.606596244468007,-6.689629085099866
3.619999999999967,-0.33598771545319683,-0.3966549812745276,6.648925080961095,-5.652107586120603
3.6299999999999666,-0.2647668034353719,-0.4475900285352237,7.501621575119886,-4.45530413973323
3.6399999999999664,-0.18602637251063445,-0.48584725960374214,8.140946650122261,-3.1334736764801523
3.649999999999966,-0.10200337371544374,-0.5103562034136351,8.549278858177052,-1.7242921088889775
3.659999999999966,-0.015079217622061741,-0.5204375252111766,8.715584171609446,-0.2677760342071409
3.6699999999999657,0.07228797292911006,-0.5158208842493646,8.63569716578326,1.1948573491989685
3.6799999999999655,0.15763296277201466,-0.49665117377609114,8.312406992432164,2.622357565818131
3.6899999999999653,0.23855288590734092,-0.463483034806538,7.755347089580835,3.974602383330504
3.699999999999965,0.31277465454480163,-0.41726386575053986,6.9806930984865,5.213720920476986
3.709999999999965,0.3782184135566702,-0.3593058715878695,6.010678804215564,6.305147079604065
3.7199999999999647,0.4330552822658027,-0.29124800001577056,4.872944936818916,7.2185742501344725
3.7299999999999645,0.4757577977845564,-0.21500888949939717,3.599740227770604,7.928785230296377
3.7399999999999642,0.5051416893721985,-0.13273219792614788,2.2269980891762717,8.416335015151109
3.749999999999964,0.5203978650730425,-0.04672588411037562,0.7933155668096707,8.668068388620151
3.759999999999964,0.5211137728722341,0.040602827583301596,-0.6611362717156994,8.677459010154859
3.7699999999999636,0.5072836006643732,0.12681496070833959,-2.0957396769488907,8.444761765921816
3.7799999999999634,0.4793070938755769,0.2095078830449804,-3.470563646288717,7.976975415501151
3.789999999999963,0.43797708775943217,0.28638208718561703,-4.747471884815212,7.2876178603941515
3.799999999999963,0.3844561643400472,0.355304806275229,-5.891174698978484,6.396321543159614
3.8099999999999627,0.3202431430753695,0.41436871613193343,-6.870196020000844,5.3282614135838555
3.8199999999999625,0.24713039140616255,0.46194412298562476,-7.657729330755082,4.1134324373998865
3.8299999999999623,0.16715318897568102,0.4967232272303365,-8.232359548586478,2.785797652344859
3.839999999999962,0.08253259087509815,0.5177552822219782,-8.578631799647987,1.382331189772606
3.849999999999962,-0.004386594727989676,0.5244717266245702,-8.687452394861324,-0.05801661031385974
3.8599999999999617,-0.09120097510513081,0.5167006516886454,-8.556312058358643,-1.4954029247344585
3.8699999999999615,-0.17551507293911564,0.49467026313758566,-8.189326432235344,-2.890194826018054
3.8799999999999613,-0.2550073183914943,0.4590013026982248,-7.597093947731862,-4.204059846639758
3.889999999999961,-0.3274937200079393,0.41068869828497506,-6.796376172538401,-5.401014819182383
3.899999999999961,-0.390987476924432,0.35107300609601244,-5.809610579506918,-6.448404457784544
3.9099999999999606,-0.44375291766512165,0.28180248441702527,-4.6642702028623235,-7.317783291604524
3.9199999999999604,-0.48435231698144643,0.20478689032665226,-3.392088733225033,-7.9856774107626745
3.92999999999996,-0.5116843467452338,0.12214431009207259,-2.0281731447769102,-8.434205954523652
3.93999999999996,-0.5250131539464167,0.03614251610191167,-0.610028855104908,-8.651546259478895
3.9499999999999598,-0.5239873215987678,-0.05086351694314002,0.8234753826493983,-8.632230978205603
3.9599999999999596,-0.5086482494279755,-0.13649620962649958,2.2331742178845095,-8.377270152477989
3.9699999999999593,-0.47942778278080905,-0.21842031582013532,3.580674788690956,-7.894096049409831
3.979999999999959,-0.43713521221757834,-0.2944064299573984,4.829399032059044,-7.196333411022319
3.989999999999959,-0.38293405470956104,-0.36239134285101593,5.945571043102815,-6.3034024957167425
3.9999999999999587,-0.3183093024653959,-0.42053362213845824,6.899123014461793,-5.239966776589045
4.009999999999959,-0.2450260798017456,-0.4672629335992072,7.6644956967273705,-4.035241287013515
4.019999999999959,-0.16508087543424232,-0.501321798929088,8.221312361647396,-2.7221812601217996
4.0299999999999585,-0.08064671118482657,-0.5217986988766018,8.554908833413275,-1.3365738013082262
4.039999999999958,0.005986236568203573,-0.5281516718774859,8.656706177243402,0.08394221639037358
4.049999999999958,0.09247293319615399,-0.5202218207042878,8.524416985694257,1.5009010951362627
4.059999999999958,0.1764770020500066,-0.49823641591110535,8.162080761031776,2.8760521473211655
4.069999999999958,0.25573374074986444,-0.4628015674307935,7.579928531733214,4.172390231372022
4.079999999999957,0.3281109421264486,-0.4148847169084636,6.794081437107815,5.3551473123866895
4.089999999999957,0.39166589429538257,-0.35578747567840885,5.826092443045679,6.392718626639635
4.099999999999957,0.4446970473944055,-0.28710958947237747,4.702344496796706,7.257498982567866
4.109999999999957,0.4857889873197191,-0.21070504424999031,3.4533221811233883,7.926607323810934
4.119999999999957,0.5138495449239799,-0.12863153191024485,2.112777191532028,8.38248083659562
4.129999999999956,0.5281380872468049,-0.043094664852675504,0.7168106520585518,8.613323514358603
4.139999999999956,0.5282842793514319,0.04361153985263519,-0.6971026610959818,8.613398095461807
4.149999999999956,0.514296864571704,0.12916629574945018,-2.091121751571091,8.383154554828772
4.159999999999956,0.4865622803698409,0.21128414428711262,-3.4280514032392224,7.929192741184798
4.1699999999999555,0.4458331993022248,0.28777585470129335,-4.672331737960392,7.264061189549066
4.179999999999955,0.3932073525141377,0.3566065093121218,-5.790979113981224,6.405898485469841
4.189999999999955,0.3300972496463437,0.415949242039811,-6.754453632797679,5.3779276986371904
4.199999999999955,0.2581916473186702,0.4642332230217392,-7.5374306512296485,4.20781823101499
4.209999999999955,0.1794098322851248,0.5001846437587658,-8.119456406357473,2.9269328399838925
4.2199999999999545,0.09584996946086996,0.5228596506382902,-8.485471076678623,1.5694805135655183
4.229999999999954,0.009732914672708454,0.5316683945919326,-8.62618623363957,0.17159822005069425
4.239999999999954,-0.07665699649562896,0.5263896050105885,-8.538307583816216,-1.2296137284570925
4.249999999999954,-0.16103260164034627,0.5071753503378361,-8.22459805637531,-2.597076909547619
4.259999999999954,-0.2411643956858,0.47454590916493283,-7.693780541552636,-3.8947144717671636
4.269999999999953,-0.3149392499361012,0.4293749372024568,-6.960283820799541,-5.0883994465906195
4.279999999999953,-0.3804158259731115,0.3728653703097824,-6.043839336596337,-6.1468468837704044
4.289999999999953,-0.4358752407618231,0.30651674516884747,-4.968940322790062,-7.042426657221871
4.299999999999953,-0.47986567304798805,0.23208484095054555,-3.7641783549900105,-7.751876038552286
4.3099999999999525,-0.5112397683470943,0.15153474177061882,-2.4614754951182647,-8.256893916273953
4.319999999999952,-0.5291838958680248,0.06698858591294297,-1.09523281675765,-8.54460177289713
4.329999999999952,-0.5332385302144906,-0.019330600404007983,0.2985818555029216,-8.60786013059839
4.339999999999952,-0.5233092677219193,-0.10515749270439871,1.6833827274595135,-8.445433041466204
4.349999999999952,-0.49966823547127626,-0.18824393485153157,3.0229262865146813,-8.061997226886678
4.3599999999999515,-0.46294590379375755,-0.26641772236072514,4.282257847320679,-7.467996555661465
4.369999999999951,-0.41411356380039044,-0.33763916941007693,5.428619750359155,-6.679346584752543
4.379999999999951,-0.3544569736107581,-0.4000539935408708,6.432297744452821,-5.716997765329343
4.389999999999951,-0.2855419042704664,-0.4520411568094084,7.267383858923167,-4.606369540364743
4.399999999999951,-0.2091725230352749,-0.49225444165077337,7.912436396425129,-3.376670836350665
4.40999999999995,-0.1273437325478499,-0.5196567100351059,8.351020487961206,-2.060125298706139
4.41999999999995,-0.042188734946438086,-0.5335459909651289,8.572115869813036,-0.6911219680410106
4.42999999999995,0.044076793542804846,-0.5335727586699256,8.570382080935115,0.6946861138019258
4.43999999999995,0.12921245221784106,-0.5197479961917416,8.34627504411054,2.06131168451295
4.4499999999999496,0.21101128317135898,-0.4924418803000498,7.906012885355128,3.373367173808399
4.459999999999949,0.28735684772815806,-0.45237316748550144,7.261392761892095,4.596978552912103
4.469999999999949,0.3562777406380412,-0.4005896008609608,6.429464308112098,5.700655611409371
4.479999999999949,0.4159981454534568,-0.33843988795626795,5.4320689728916305,6.656096438482773
4.489999999999949,0.46498314489239273,-0.26753801377737874,4.29525791757589,7.438905735123043
4.4999999999999485,0.5019776427642392,-0.18972084670758688,3.0486041867790563,8.029208943804061
4.509999999999948,0.5260379252885036,-0.10700016205028558,1.7244274787801142,8.412146987076845
4.519999999999948,0.5365550847351779,-0.021510345151616497,0.3569519653041433,8.578239580552516
4.529999999999948,0.5332697420615635,0.06454686019128533,-1.0185808082768206,8.52360854407359
4.539999999999948,0.5162777319812462,0.14895912433837144,-2.3668209075911943,8.250056186332559
4.549999999999947,0.4860266477604448,0.22956036098104782,-3.6532174385246368,7.764997587554259
4.559999999999947,0.44330337794898694,0.3042861554203295,-4.844901178680761,7.0812493553081755
4.569999999999947,0.3892129971974019,0.3712263787427133,-5.911519959501495,6.216681084166039
4.579999999999947,0.32514959244711716,0.42867365479418484,-6.826005706046152,5.193739218222209
4.589999999999947,0.2527598085930989,0.47516646048754835,-7.565253928079363,4.038856209570115
4.599999999999946,0.17390007915705208,0.5095257839844995,-8.110698818230023,2.7817607066147403
4.609999999999946,0.0905886631121609,0.5308844357680014,-8.448769886311773,1.4547069242809787
4.619999999999946,0.004953735000964285,0.538708300018716,-8.571219169349853,0.0916432858363132
4.629999999999946,-0.08082113109485446,0.5328090229688898,-8.47531142248521,-1.2726581619751198
4.6399999999999455,-0.16455268446801308,0.5133478555802848,-8.163873229065247,-2.603489203880697
4.649999999999945,-0.244113505551387,0.4808305942881823,-7.645200577797512,-3.8670871436285834
4.659999999999945,-0.3174858899844014,0.43609378988298775,-6.932828048670347,-5.031488382075555
4.669999999999945,-0.3828127495390704,0.3802826151270547,-6.045166236525479,-6.067332403107284
4.679999999999945,-0.43844425369441276,0.3148209908849813,-5.005017334341085,-6.948596081470722
4.689999999999944,-0.482979050634492,0.2413747631725564,-3.8389818158076006,-7.6532401209645196
4.699999999999944,-0.5152990500435202,0.1618088948567768,-2.5767718247330667,-8.1637517713337
4.709999999999944,-0.5345969184400988,0.07813978159877297,-1.2504491327908083,-8.467570694840992
4.719999999999944,-0.5403956264978031,-0.007516081467467517,0.10639268625122345,-8.55738788696372
4.729999999999944,-0.5325595919315675,-0.0929957706162561,1.4594809395027015,-8.431310820951673
4.739999999999943,-0.5112971758319456,-0.1761445786553243,2.774729686997625,-8.092891398936182
4.749999999999943,-0.47715450933367215,-0.25487025401601876,4.019096943413116,-7.551016765830014
4.759999999999943,-0.4310008456700211,-0.32719547138427596,5.16141170951989,-6.819666488613818
4.769999999999943,-0.3740058445166121,-0.39130722341333324,6.173150229996987,-5.917542936479043
4.7799999999999425,-0.30760939579814744,-0.44560190757813234,7.0291422809562425,-4.867584834048885
4.789999999999942,-0.23348477388395716,-0.48872499694415283,7.708190167871631,-3.696376823569972
4.799999999999942,-0.15349607585297737,-0.5196043254335447,8.193585411677951,-2.43347039315176
4.809999999999942,-0.06965103534836645,-0.5374761833303128,8.473510756651942,-1.1106336466313445
4.819999999999942,0.01594958679573176,-0.5419036029729626,8.541318078979867,0.2389509431183623
4.8299999999999415,0.10116475501907862,-0.5327864130966106,8.395675933731598,1.581520479468962
4.839999999999941,0.18386672795482806,-0.5103628480487185,8.040583769766178,2.8835763071367193
4.849999999999941,0.26199410403945983,-0.47520270986647556,7.485253183785714,4.112718285073052
4.859999999999941,0.3336030243780329,-0.42819229166636597,6.743859892759101,5.238447948346584
4.869999999999941,0.39691526646426295,-0.37051147473083507,5.835173296290015,6.232920745815567
4.87999999999994,0.4503620465381232,-0.303603604061782,4.7820734988678595,7.071628931637692
4.88999999999994,0.4926224613779327,-0.22913892331253355,3.6109683935115875,7.733998527046387
4.89999999999994,0.5226556391557388,-0.14897250565712866,2.3511258075696717,8.203886005095791
4.90999999999994,0.5397258300057399,-0.06509774859897907,1.033937721676505,8.469962926598921
4.9199999999999395,0.5434198460174872,0.020403395119392487,-0.3078648524740917,8.525979603758971
4.929999999999939,0.5336564529082815,0.10541220384757748,-1.6410266461686558,8.370901916392757
4.939999999999939,0.5106875167962707,0.18782570073611393,-2.9325922608295727,8.00891857725778
4.949999999999939,0.47509091425749783,0.2656085938868895,-4.150719245667979,7.449319358567673
4.959999999999939,0.42775541712893195,0.33684336311169744,-5.265460123177724,6.706247971693319
4.9699999999999385,0.36985796031524826,0.3997772659928965,-6.249494249745072,5.798336358270916
4.979999999999938,0.30283388636964176,0.45286511837416266,-7.078791752710492,4.748230028940007
4.989999999999938,0.22834093036416275,0.4948068145085784,-7.733193566399641,3.582016706471026
4.999999999999938,0.1482178584822837,0.5245786869524887,-8.196893750772844,2.328572830806512
5.009999999999938,0.06443880031423828,0.5414579624286359,-8.458812761357434,1.0188444106227335
5.019999999999937,-0.020935584925771716,0.5450397433090155,-8.51285308451517,-0.31491978485652106
5.029999999999937,-0.1058088963838143,0.5352461307125155,-8.35803158853226,-1.6399636425449442
5.039999999999937,-0.18810048035235769,0.5123272998189596,-7.998485995112655,-2.9238280958239007
5.049999999999937,-0.2657963558747654,0.476854536048681,-7.443355971984855,-4.135144754496037
5.0599999999999365,-0.33699833358102615,0.4297054373782148,-6.706542409512662,-5.244399424207313
5.069999999999936,-0.39997013482883514,0.37204167846438213,-5.806351397938417,-6.224647018905869
5.079999999999936,-0.4531793977017782,0.30527991182675035,-4.765032195985194,-7.052160668965019
5.089999999999936,-0.4953345625706991,0.2310565457881513,-3.608221009801868,-7.706999536833308
5.099999999999936,-0.525415759982568,0.15118728429290676,-2.3643046240129,-8.1734819266481
5.1099999999999355,-0.5426989742704228,0.06762243670474867,-1.0637197922436878,-8.440552660824292
5.119999999999935,-0.5467729236711444,-0.01760089660440775,0.26179423962707826,-8.502036334749947
5.129999999999935,-0.5375482777102785,-0.1024085868269184,1.5799716705669675,-8.356770884344865
5.139999999999935,-0.5152590207074551,-0.18473997015590593,2.8588055551753397,-8.00861884039678
5.149999999999935,-0.48045596185254025,-0.2625978433269478,4.067323586189394,-7.466356626118257
5.159999999999934,-0.43399258273296343,-0.33409675090399427,5.176335495070548,-6.7434452076746805
5.169999999999934,-0.37700359785275084,-0.3975084015543185,6.159134116946818,-5.857688260264493
5.179999999999934,-0.31087677814508274,-0.4513031260176983,6.992133394843399,-4.830786696476606
5.189999999999934,-0.23721874759503636,-0.49418639077399584,7.655428222520185,-3.687800855560919
5.199999999999934,-0.15781560508855738,-0.5251295059263773,8.133263003073704,-2.4565338145341586
5.209999999999933,-0.07458934418491968,-0.5433938103803089,8.414398081314543,-1.166851104792199
5.219999999999933,0.010448860087811998,-0.5485477783879896,8.49236573449614,0.15004644019002922
5.229999999999933,0.09524735824858527,-0.5404766649531543,8.365610115521108,1.4623789511977368
5.239999999999933,0.17776354580116277,-0.5193844891928341,8.037508368699475,2.738554553688589
5.2499999999999325,0.25601300014938155,-0.4857883401075224,7.516273011666459,3.947928662382394
5.259999999999932,0.3281170552888415,-0.44050517383993953,6.814738528819781,5.0615373355480555
5.269999999999932,0.39234767805460646,-0.3846314509777099,5.950037883358444,6.052787214767918
5.279999999999932,0.44716858018767797,-0.3195161325067619,4.94317726118665,6.898085720233028
5.289999999999932,0.49127159609668686,-0.24672770963858823,3.8185197493610863,7.577396699343501
5.299999999999931,0.5236074744760951,-0.16801608225636006,2.6031907688860443,8.074708598077894
5.309999999999931,0.5434103699153728,-0.0852702199297145,1.3264198779562741,8.37840439289103
5.319999999999931,0.5502154748644705,-0.0004726356232876844,0.018834996741745824,8.481524931756613
5.329999999999931,0.5438693990166881,0.08434822677235256,-1.288273853007473,8.381919927015092
5.339999999999931,0.5245330782693545,0.16716654565221206,-2.5637035727646325,8.08228355667842
5.34999999999993,0.4926771746946024,0.24600745348376496,-3.777081854684024,7.590074399217249
5.35999999999993,0.4490701080985053,0.31899399605918366,-4.8995881970602095,6.917322183304143
5.36999999999993,0.3947590345038637,0.3843916065001599,-5.904635019702606,6.080326513038857
5.37999999999993,0.3310442531332637,0.4406490459450113,-6.7684928786610286,5.099255267754182
5.3899999999999295,0.2594476773011713,0.486434852024927,-7.470845200342119,3.997652714368285
5.399999999999929,0.18167614247692232,0.5206684476681676,-7.995259712254702,2.801869455415553
5.409999999999929,0.09958044349023036,0.5425451936671305,-8.329565797252348,1.5404281198151875
5.419999999999929,0.015111089730163438,0.5515548155723508,-8.466129289483344,0.24334014611357735
5.429999999999929,-0.06972815991286462,0.5474927952483584,-8.402018707292411,-1.0586099222459753
5.4399999999999284,-0.15292787326172508,0.5304644859750842,-8.139059521097037,-2.3345955356486146
5.449999999999928,-0.23252050227202165,0.5008818832625682,-7.683775720359495,-3.554477271031078
5.459999999999928,-0.30662679767119266,0.45945315744149445,-7.047220609786647,-4.689512784255015
5.469999999999928,-0.37349998930035905,0.4071652244890169,-6.24470136792776,-5.7130309186329145
5.479999999999928,-0.43156669867284664,0.34525979445263033,-5.29540438051848,-6.601054246195677
5.489999999999927,-0.4794636323223854,0.27520348845462683,-4.221930658762252,-7.332855622616373
5.499999999999927,-0.5160692085125789,0.19865275209952798,-3.049752716509021,-7.891435971906622
5.509999999999927,-0.540529393227906,0.11741441204365875,-1.8066060631764929,-8.263912442211442
5.519999999999927,-0.5522771610400129,0.03340282084021051,-0.5218299314309298,-8.441808241897425
5.5299999999999265,-0.5510451490548844,-0.05140538923186633,0.7743270318782836,-8.421237822998943
5.539999999999926,-0.5368712340313131,-0.13501787143767613,2.051419649703721,-8.20298357027064
5.549999999999926,-0.5100969300628633,-0.21547335125728834,3.279520869138063,-7.792462719240061
5.559999999999926,-0.4713586729794229,-0.29088753684878865,4.429921434576799,-7.1995858051587245
5.569999999999926,-0.4215722238901091,-0.3594970814830967,5.475798272878653,-6.438510476187124
5.5799999999999255,-0.36191058418360655,-0.4197005768499841,6.39283610682619,-5.527296929681242
5.589999999999925,-0.29377596412880014,-0.470095630440033,7.159787992778531,-4.487473494184572
5.599999999999925,-0.21876648354346856,-0.5095111762114002,7.758961984349169,-3.3435229300059808
5.609999999999925,-0.13863840272732794,-0.5370342830739108,8.17662291875851,-2.1223018118079984
5.619999999999925,-0.05526478230256643,-0.552030857553758,8.403300362298511,-0.8524068475932653
5.629999999999924,0.02940845044662667,-0.5541597821632673,8.433995986850585,0.4364968526968276
5.639999999999924,0.11340799539468825,-0.5433801860277858,8.268286027205784,1.7143697436376186
5.649999999999924,0.19477916881312685,-0.5199517055472398,7.910316932756416,2.951497801167551
5.659999999999924,0.2716313168056909,-0.48442775650704817,7.368694819121416,4.11918217592161
5.6699999999999235,0.3421816001552994,-0.43764200128683683,6.656271787403093,5.190402578418413
5.679999999999923,0.40479614056307056,-0.3806883518905551,5.789834554173303,6.140439128909256
5.689999999999923,0.45802758420880046,-0.3148949978293545,4.789703069537652,6.947438451525011
5.699999999999923,0.5006482260207994,-0.2417930840489224,3.679248843010449,7.592911161848174
5.709999999999923,0.531677944851092,-0.16308078503102302,2.4843445015731653,8.062149555220705
5.7199999999999225,0.5504063233176028,-0.08058362421374053,1.2327576311639328,8.344556209600329
5.729999999999922,0.5564084634373028,0.003788029301428922,-0.046496831337658584,8.433876325811276
5.739999999999922,0.5495541570750918,0.08808329394056634,-1.3238305096618275,8.3283288895016
5.749999999999922,0.5300102251941156,0.17035590832720954,-2.5697661331609973,8.030634099800555
5.759999999999922,0.49823599829777454,0.24870911937208923,-3.75561688547358,7.547936914481113
5.769999999999921,0.4549720686315692,0.3213392922126247,-4.854144932779743,6.891628954705972
5.779999999999921,0.4012225990248681,0.38657724265793375,-5.840184071525691,6.077073339202302
5.789999999999921,0.338231620173848,0.44292634982299106,-6.6912123421424505,5.123239224960434
5.799999999999921,0.26745388436690476,0.48909658501327524,-7.387861681428307,4.052254869430744
5.809999999999921,0.19052096607186253,0.5240336907166296,-7.914353201532471,2.8888898521205792
5.81999999999992,0.1092034057169061,0.5469428584080535,-8.258848451110962,1.659978661169434
5.82999999999992,0.025369780078237217,0.557306383037277,-8.41370899196822,0.3937991287647673
5.83999999999992,-0.059056350941621094,0.5548949125009947,-8.375658765611693,-0.8805798391007735
5.84999999999992,-0.14214062709179137,0.5397720588175857,-8.145845978518318,-2.133966167839125
5.8599999999999195,-0.22198218476337606,0.5122922906782882,-7.729803550225722,-3.3377128069692206
5.869999999999919,-0.2967570548812152,0.4730921810214854,-7.137309491312974,-4.464370938375859
5.879999999999919,-0.36475967355340544,0.42307523474350905,-6.382150855855885,-5.4883133518915965
5.889999999999919,-0.424441564920572,0.36339066717917046,-5.48179709340374,-6.386313899773206
5.899999999999919,-0.47444632442883306,0.29540664027637525,-4.456990659907595,-7.138070017923841
5.909999999999918,-0.5136401190321349,0.22067858740274504,-3.331264590014836,-7.726656667784334
5.919999999999918,-0.5411370264824613,0.14091336670965673,-2.1303983441105565,-8.138901675611411
5.929999999999918,-0.5563186563811524,0.057930074552621835,-0.8818245873967949,-8.365674286723094
5.939999999999918,-0.5588476282114412,-0.026381577349301952,0.38599939354814006,-8.402080767909306
5.949999999999918,-0.5486746230676778,-0.11010436606027067,1.644241200669541,-8.2475630346289
5.959999999999917,-0.5260388729749325,-0.19133715860234551,2.8643489260554365,-7.905898501351164
5.969999999999917,-0.4914621011815088,-0.2682380190373372,4.0186979505702345,-7.385101602558881
5.979999999999917,-0.4457360752047697,-0.3390658459926503,5.0812143226015785,-6.697229657384463
5.989999999999917,-0.38990407836380714,-0.40221960283549096,6.027960707009153,-5.858097902396584
5.9999999999999165,-0.3252367418104445,-0.4562742613923388,6.83767181458106,-4.886910546538547
6.009999999999916,-0.2532028046378337,-0.5000126583746838,7.492227432831309,-3.8058165646087483
6.019999999999916,-0.1754354817309619,-0.5324525596219823,7.9770526505138735,-2.6394006000467387
6.029999999999916,-0.093695215176255,-0.5528683386364693,8.281436565820195,-1.4141207582248105
6.039999999999916,-0.009829663194567503,-0.5608068000574588,8.398762652071026,-0.15770620779213407
6.0499999999999154,0.07426816095063239,-0.5560968128295486,8.32664598111659,1.1014716538765268
6.059999999999915,0.15670264999010036,-0.5388525587798694,8.066974627047095,2.3350401912842518
6.069999999999915,0.23561829750496938,-0.5094703469208108,7.6258547428040675,3.5152641982146475
6.079999999999915,0.3092413662450248,-0.46861908876288993,7.013460970779504,4.615667889959124
6.089999999999915,0.37591959687556076,-0.41722467199765717,6.243795966801823,5.611626317313861
6.099999999999914,0.43415907225658634,-0.35644860591962324,5.334364837831164,6.480913057627167
6.109999999999914,0.48265742010566315,-0.2876614388832804,4.305772172552615,7.204192086857828
6.119999999999914,0.5203326226183514,-0.21241156314426235,3.1812510397094753,7.765443050194473
6.129999999999914,0.546346803291369,-0.13239012310499626,1.9861348047114293,8.152310696108904
6.1399999999999135,0.5601244764428805,-0.049392827105905146,0.7472838392285406,8.356370983598854
6.149999999999913,0.5613648710936554,0.03472047131104787,-0.5075198545594553,8.373308274495548
6.159999999999913,0.5500480750775577,0.11806751065167077,-1.7501964329673354,8.203000038532156
6.169999999999913,0.5264348844450224,0.1987857397404449,-2.952996399644621,7.849507582637232
6.179999999999913,0.4910603842726409,0.2750738751046594,-4.08911915417682,7.320973420700104
6.1899999999999125,0.4447214267389257,0.34523197218094814,-5.133308146903131,6.629427978797087
6.199999999999912,0.3884583076637445,0.40769912221225785,-6.062409477680883,5.790510337436796
6.209999999999912,0.3235310706484744,0.46108794345605086,-6.855881657182737,4.823109602592438
6.219999999999912,0.25139098569149215,0.5042151102940754,-7.496245398257889,3.748935229861023
6.229999999999912,0.17364785413030615,0.5361272552471913,-7.969463694631387,2.5920261635503863
6.239999999999911,0.09203388171880734,0.5561216846286667,-8.265244042316876,1.3782099619758017
6.249999999999911,0.00836493467536542,0.5637614661852828,-8.37725642875114,0.13452413417718878
6.259999999999911,-0.07549995188754563,0.5588845738989051,-8.303262615461529,-1.111387310060271
6.269999999999911,-0.1576999087222215,0.5416069082866704,-8.045154229074045,-2.3318886109909007
6.2799999999999105,-0.23641349116252236,0.5123191470585077,-7.608899208043254,-3.4999646420776194
6.28999999999991,-0.3098989481972196,0.4716775178244448,-7.004398183376193,-4.589817378155201
6.29999999999991,-0.3765326141154214,0.4205887186619221,-6.245254355935918,-5.577433321145448
6.30999999999991,-0.43484458025740447,0.36018934080570053,-5.348462327102987,-6.441109463533464
6.31999999999991,-0.48355086810981396,0.2918202677046745,-4.334023102404709,-7.161926347685335
6.3299999999999095,-0.5215814055659431,0.21699663360084567,-3.2244940811457488,-7.724158003859239
6.339999999999909,-0.5481032037554878,0.1373740202866804,-2.0444842350500663,-8.115609992840142
6.349999999999909,-0.5625382402410382,0.054711650759499186,-0.8201058361390157,-8.327878407314547
6.359999999999909,-0.5645756731198934,-0.029166598560077,0.421605005457633,-8.356524462361184
6.369999999999909,-0.5541781369868756,-0.11241250083236454,1.6532861074947143,-8.20116118973832
6.379999999999908,-0.5315820029823486,-0.19319420554331648,2.8478520604759217,-7.865450700881709
6.389999999999908,-0.49729161835677027,-0.26973649196165356,3.97908888028731,-7.357012456424169
6.399999999999908,-0.45206767319202074,-0.3403596664676477,5.022227442973755,-6.687244932153684
6.409999999999908,-0.3969099702343608,-0.4035162544098971,5.954483205906614,-5.871064959952162
6.419999999999908,-0.3330349954219278,-0.45782468910948293,6.755550520436494,-4.926570806405749
6.429999999999907,-0.26184879900326374,-0.5020992698166897,7.408040893674607,-3.8746366930330485
6.439999999999907,-0.18491579773524852,-0.5353757452215789,7.897855836660566,-2.7384479254218657
6.449999999999907,-0.1039241953835329,-0.5569319775823921,8.214486413422447,-1.542987053118678
6.459999999999907,-0.020648789807232684,-0.5663032524347726,8.35123324677442,-0.3144825017792845
6.4699999999999065,0.0630880111725884,-0.563291917714148,8.305342505238809,0.9201681169211375
6.479999999999906,0.14545610722556646,-0.5479711613170503,8.078055251817839,2.1339873188644543
6.489999999999906,0.22465768159428157,-0.5206828648771642,7.674569438432255,3.3005067723259716
6.499999999999906,0.2989663634777615,-0.4820296010108865,7.103915737916089,4.394343191044792
6.509999999999906,0.36676472575221625,-0.43286096866950197,6.378750276919614,5.391748601089035
6.519999999999905,0.4265793068591546,-0.3742545837585173,5.515069127424557,6.271123105707492
6.529999999999905,0.4771124029464583,-0.30749215721008477,4.531851093275299,7.013479145884033
6.539999999999905,0.5172699497224751,-0.23403119776223744,3.4506368554175313,7.6028473621476875
6.549999999999905,0.5461849012927669,-0.15547296958102158,2.2950538831890785,8.026615479812932
6.559999999999905,0.5632356135069805,-0.07352741360923779,1.0902976510126465,8.275793135352103
6.569999999999904,0.5680588498049083,0.010024195492101137,-0.13741940303281464,8.345197202484101
6.579999999999904,0.5605571457644702,0.09336803900483069,-1.3614390960159313,8.233553926333096
6.589999999999904,0.5409003919157067,0.17469714461884095,-2.5552364365535136,7.9435159940952005
6.599999999999904,0.5095216201943015,0.25225052236168477,-3.692993711789741,7.481594521223073
6.6099999999999035,0.4671071049298464,0.3243511996685515,-4.750157323121474,6.858007772986816
6.619999999999903,0.4145810117853958,0.3894423365443487,-5.703965401191023,6.086450232670782
6.629999999999903,0.35308494495483417,0.4461206466158256,-6.5339349191994485,5.183787331237583
6.639999999999903,0.28395285169005935,0.49316641122355664,-7.222297951861312,4.169682732809214
6.649999999999903,0.20868184156847724,0.5295694501469226,-7.75437787382738,3.0661664924812033
6.659999999999902,0.1288995637593499,0.5545505023591172,-8.118897630092023,1.8971536381178753
6.669999999999902,0.04632885712345951,0.5675775713655803,-8.308213711763846,0.6879237504248819
6.679999999999902,-0.037249556179098545,0.5683768999479963,-8.318471100314268,-0.5354270949454143
6.689999999999902,-0.12003552390931388,0.5569383560946752,-8.149676166188105,-1.7465501187782153
6.699999999999902,-0.2002482327435643,0.5335151329953397,-7.805686285867025,-2.9194111768064124
6.709999999999901,-0.27616445855929206,0.4986177885893989,-7.294116736590508,-4.028849440403431
6.719999999999901,-0.346155478039862,0.45300277164053226,-6.626167201328646,-5.051115458034176
6.729999999999901,-0.4087218536668283,0.3976556990660124,-5.81637193036352,-5.9643771348344945
6.739999999999901,-0.46252535295645325,0.3337697607716195,-4.882279223602592,-6.749182909515767
6.7499999999999005,-0.5064173271981824,0.26271973117600245,-3.8440673854520533,-7.388872375281721
6.7599999999999,-0.5394629535025443,0.18603215879393056,-2.724105630667415,-7.869925762520689
6.7699999999999,-0.5609608349074336,0.10535238477112253,-1.5464695576751273,-8.182245049414993
6.7799999999999,-0.5704575546134587,0.02240910649165799,-0.33642173223820504,-8.319360962394764
6.7899999999999,-0.567756889899873,-0.06102274800485591,0.8801313794864007,-8.278561738714291
6.7999999999998995,-0.5529235065306864,-0.14316003603108773,2.0771944369504105,-8.060941213278893
6.809999999999899,-0.5262810730050552,-0.22224949209547856,3.2292383180846316,-7.6713655246731625
6.819999999999899,-0.4884048532911582,-0.2966050826177302,4.311743440817462,-7.118359473940268
6.829999999999899,-0.4401089541621821,-0.3646438294998765,5.301719780928965,-6.413915276965955
6.839999999999899,-0.38242851643424586,-0.4249193443095927,6.178192603743931,-5.573228091173284
6.849999999999898,-0.3165972459030261,-0.4761523665801968,6.922643707732124,-4.614364235154346
6.859999999999898,-0.2440207773588924,-0.5172576662686791,7.519398971420351,-3.5578694237695023
6.869999999999898,-0.16624645170271884,-0.5473667502462214,7.955954178752881,-2.426325582109607
6.879999999999898,-0.08493016010388148,-0.5658459040587457,8.223232445894768,-1.243865854172723
6.8899999999998975,-0.001800968836631306,-0.5723092010876313,8.31576805488109,-0.035658264949763874
6.899999999999897,0.0813757172899463,-0.5666262194722554,8.231813084242228,1.1726308887769283
6.909999999999897,0.16283566698697882,-0.5489243203933488,7.973364879595466,2.3553824649594004
6.919999999999897,0.24085321287848377,-0.5195854571340904,7.546114092785059,3.487567132066517
6.929999999999897,0.3137777287877625,-0.4792376002689568,6.95931470061645,4.5452737778892764
6.9399999999998965,0.3800684248967294,-0.42874097792536453,6.225579058008703,5.506212549085367
6.949999999999896,0.4383267303382494,-0.3691694389308319,5.360602610977258,6.350181986332518
6.959999999999896,0.4873255866202151,-0.30178734852348116,4.382824359524162,7.059490526538748
6.969999999999896,0.5260350431598567,-0.22802251905222648,3.3130304889723963,7.619323651244774
6.979999999999896,0.5536436266219482,-0.14943575981575977,2.1739097533229774,8.01804914671295
6.989999999999895,0.5695750469440403,-0.06768769922098333,0.9895701722480614,8.24745428017399
6.999999999999895,0.5734999029179187,0.01549641260646209,-0.21497262513759718,8.302910159200216
7.009999999999895,0.5653421568278707,0.09836317283817077,-1.4143245265856474,8.183460095686316
7.019999999999895,0.5452802586445803,0.1791679947968547,-2.58324833176239,7.891830409210315
7.0299999999998946,0.5137429132816751,0.2562117973330305,-3.697194133623948,7.434363742365444
7.039999999999894,0.4713995970547502,0.32787664429687874,-4.732813560079577,6.82087658845202
7.049999999999894,0.4191460393766243,0.3926595887073233,-5.668447139052855,6.064444315587252
7.059999999999894,0.3580849905854031,0.4492040167833502,-6.484574662452732,5.18111847786647
7.069999999999894,0.28950269446029697,0.4963278421677386,-7.164219246083592,4.189582602558133
7.0799999999998935,0.21484157242435775,0.53304796920903,-7.693296794728432,3.110753903772017
7.089999999999893,0.13566970385832783,0.558600524569169,-8.060903762232495,1.9673394719909136
7.099999999999893,0.05364775179169547,0.5724564469476802,-8.259537419718608,0.7833564032516838
7.109999999999893,-0.029505965795847244,0.5743321234127676,-8.28524428258453,-0.41637395644753483
7.119999999999893,-0.11205152273123017,0.5641948656000105,-8.137693867969256,-1.606746980450958
7.129999999999892,-0.19226379258051313,0.5422631276604073,-7.820176526685298,-2.7629000033112443
7.139999999999892,-0.2684684562194122,0.5090014780238783,-7.339525684091212,-3.8607308537201748
7.149999999999892,-0.3390768587611117,0.4651104464850548,-6.705966399750239,-4.877398885909466
7.159999999999892,-0.40261899241350774,0.41151147453712666,-5.932893683242113,-5.791798129826885
7.169999999999892,-0.45777392364770286,0.34932729807465135,-5.036585451627151,-6.584992807401246
7.179999999999891,-0.5033970388791607,0.27985818547690117,-4.035856353119657,-7.240606289047236
7.189999999999891,-0.5385435514594766,0.2045545387528522,-2.951659884284199,-7.745155572883025
7.199999999999891,-0.5624877926586774,0.12498643916332229,-1.806647270302885,-8.08832453694099
7.209999999999891,-0.5747378987677915,0.04281078005813013,-0.6246924388415525,-8.263170516773048
7.2199999999998905,-0.575045603562745,-0.04026332263424204,0.5696069190703703,-8.266260169487788
7.22999999999989,-0.5634109480889213,-0.12251011867122577,1.7514417555603818,-8.0977320705744
7.23999999999989,-0.5400818258918966,-0.20222306892397288,2.8963068609664653,-7.761285020636076
7.24999999999989,-0.5055483892157059,-0.2777502038341584,3.9805081577526944,-7.264092583396568
7.25999999999989,-0.4605324480844008,-0.3475282636515626,4.981651614249179,-6.61664590200546
7.269999999999889,-0.405972097377974,-0.41011491717493165,5.879103725633027,-5.832528316284352
7.279999999999889,-0.3430019048909181,-0.4642183981193963,6.654414141799785,-4.9281266988954515
7.289999999999889,-0.27292908392369813,-0.5087239541153245,7.291691845554385,-3.922285715092759
7.299999999999889,-0.19720615536963135,-0.5427165714834988,7.777927281779497,-2.8359123627740312
7.309999999999889,-0.11740067488675425,-0.5654995178613667,8.103253987354284,-1.6915391439698348
7.319999999999888,-0.03516265918267569,-0.5766083327918665,8.261144548037564,-0.5128550360612725
7.329999999999888,0.0478096094541309,-0.5758199916687753,8.248537085265978,0.6757859449361754
7.339999999999888,0.12980469033372272,-0.563157068960569,8.065889923922931,1.8498683775184779
7.349999999999888,0.2091332770643704,-0.5388868303116097,7.7171635813927635,2.9852208459550664
7.3599999999998875,0.28416294845534584,-0.503515287795195,7.209730717754142,4.058512719965196
7.369999999999887,0.3533516641480308,-0.45777635610928974,6.55421616589545,5.04773211575468
7.379999999999887,0.4152793199531728,-0.4026163477401701,5.764270588377712,5.93263528226964
7.389999999999887,0.4686767202778345,-0.339174140028661,4.85628265598518,6.695158285683581
7.399999999999887,0.5124513804445393,-0.268757434735731,3.84903588386879,7.319782678523277
7.4099999999998865,0.5457096389356836,-0.19281560935600534,2.763317370148186,7.793847819747338
7.419999999999886,0.5677746372013655,-0.11290972750088563,1.6214866367984124,8.107803637505755
7.429999999999886,0.5781998110066856,-0.030680331824562812,0.4470135549023062,8.255398873366092
7.439999999999886,0.576777630553922,0.05218631389498547,-0.7360050691553344,8.233801189287078
7.449999999999886,0.5635434248528002,0.133992837600801,-1.9033402743615573,8.04364692855762
7.459999999999885,0.5387742269943593,0.2130655158643579,-3.0311269306800197,7.68901977009711
7.469999999999885,0.502982679027725,0.2877884636464679,-4.096350786508071,7.177358972128779
7.479999999999885,0.4569061359554549,0.3566365598901438,-5.0773166608328015,6.519299336499946
7.489999999999885,0.4014912058996192,0.4182064402840705,-5.954088290171093,5.728446409658651
7.4999999999998845,0.33787405577328145,0.4712449304200617,-6.708890959106536,4.821091742542075
7.509999999999884,0.26735689696440745,0.5146743470569375,-7.326468839787646,3.815874233195859
7.519999999999884,0.19138114190041466,0.5476141611246403,-7.7943899229234495,2.733394648925067
7.529999999999884,0.11149778839932376,0.569398592057782,-8.103292520236497,1.595791348040459
7.539999999999884,0.02933564313392721,0.5795897874423013,-8.247068532913584,0.4262859768458056
7.5499999999998835,-0.05343196271193809,0.5779863330347643,-8.222979986993982,-0.751291509030587
7.559999999999883,-0.1351212842182789,0.5646269340871207,-8.031706707805967,-1.9129887691798704
7.569999999999883,-0.21407240422525825,0.5397892076093653,-7.677324413306279,-3.0352180378319114
7.579999999999883,-0.28868290969618415,0.5039836247108757,-7.167213921724982,-4.095234227975638
7.589999999999883,-0.3574403210696758,0.45794274045511896,-6.511903563516961,-5.071594511354488
7.599999999999882,-0.4189526204713085,0.4026059437545403,-5.72484823311731,-5.944590121802703
7.609999999999882,-0.4719762655445576,0.3391000498110296,-4.822149785402149,-6.696641731130362
7.619999999999882,-0.5154411288005526,0.26871614067466004,-3.822224649783489,-7.312650520768115
7.629999999999882,-0.5484718666413811,0.19288313400126128,-2.745425578434683,-7.7802980020520724
7.6399999999998816,-0.5704052962291565,0.11313862457178137,-1.6136253438252177,-8.090288703723745
7.649999999999881,-0.5808034406094701,0.03109759633783729,-0.4497709371639069,-8.236531024667979
7.659999999999881,-0.5794619912522198,-0.05158035634242211,0.7225826204871757,-8.21625281867907
7.669999999999881,-0.5664140306217412,-0.13322463178290703,1.8797493691136493,-8.030049610042024
7.679999999999881,-0.5419289536234269,-0.21218736760397536,2.9983907369380995,-7.681864706733606
7.6899999999998805,-0.5065066238414222,-0.28687664969101745,4.055985453495282,-7.178901854315391
7.69999999999988,-0.46086689642115997,-0.3557885155068458,5.031281607889842,-6.531472430337189
7.70999999999988,-0.4059347323342767,-0.41753711045023756,5.90472181034034,-5.7527804890821646
7.71999999999988,-0.3428212167365906,-0.4708823954166598,6.658832993989273,-4.858650203655406
7.72999999999988,-0.2728008754457488,-0.5147548551269661,7.2785731402971665,-3.8672013922569963
7.739999999999879,-0.19728575662053816,-0.5482767190552432,7.751628109243456,-2.7984798356017624
7.749999999999879,-0.11779680808989475,-0.570779278605301,8.068652786182684,-1.6740499730014653
7.759999999999879,-0.03593313322974699,-0.5818159640689624,8.223451899154375,-0.516558288680889
7.769999999999879,0.04666025118101291,-0.5811709312068667,8.213097090216165,0.6507237462334852
7.779999999999879,0.12832550383457014,-0.5688629982623865,8.037978116838424,1.8043679371326813
7.789999999999878,0.20742522852002376,-0.5451448680058808,7.701787388333785,2.921259409261797
7.799999999999878,0.2823752572397478,-0.5104976641176371,7.211438380890596,3.9790590085650317
7.809999999999878,0.35167629163878017,-0.465620904952846,6.576919796194752,4.956648829295921
7.819999999999878,0.4139437727156354,-0.4114181286197478,5.811088606520771,5.8345520130657285
7.8299999999998775,0.4679353864266752,-0.34897846953850636,4.929406338236771,6.595318514692325
7.839999999999877,0.5125756621267153,-0.279554566531714,3.949624062109548,7.223869244245985
7.849999999999877,0.5469771807657643,-0.20453725446189752,2.891422560814379,7.707791856948404
7.859999999999877,0.5704579791385141,-0.125427554077512,1.7760150122596858,8.037582455079685
7.869999999999877,0.5825548138313847,-0.04380652685045015,0.6257202451211206,8.206828568306555
7.879999999999876,0.583032032252089,0.038696397804976315,-0.5364848231703556,8.2123299683182
7.889999999999876,0.5718858865603551,0.12043598720473171,-1.6874245759957711,8.054155126193333
7.899999999999876,0.5493442176625838,0.19978401067283394,-2.8041867256830075,7.735632411259346
7.909999999999876,0.5158615288562586,0.27516163160522766,-3.864577775983843,7.2632764324726615
7.919999999999876,0.4721095603684434,0.3450707429855048,-4.847562882530077,6.646651211594111
7.929999999999875,0.41896356510810917,0.40812362625119797,-5.733681421574008,5.898173126129062
7.939999999999875,0.35748457068660194,0.4630703488698459,-6.50543009497389,5.032857744557844
7.949999999999875,0.2888979914919095,0.5088233629112348,-7.147606076860631,4.068015773622454
7.959999999999875,0.21456902579592096,0.5444788243118418,-7.647603530446256,3.0229043260510986
7.9699999999998745,0.13597533515250107,0.5693342192324948,-7.995657774933869,1.9183405780604001
7.979999999999874,0.0546775555146462,0.5829019585455361,-8.185032442943186,0.7762856028823808
7.989999999999874,-0.027711769425577085,0.5849186825382777,-8.212146116711141,-0.38059327402723264
7.999999999999874,-0.10956021295228723,0.5753501037510941,-8.07663614339518,-1.5293728607841253
8.009999999999874,-0.189247811536555,0.5543913047608247,-7.781358581792795,-2.647328271527234
8.019999999999873,-0.26519909180206763,0.5224624979013937,-7.332324499741132,-3.712381892162152
8.029999999999873,-0.33591414600538905,0.4802003435954991,-6.738574098269705,-4.703538284875683
8.039999999999873,-0.3999981447460405,0.42844501138483415,-6.0119913604863795,-5.601296489949076
8.049999999999873,-0.45618870856165084,0.36822325117640375,-5.16706308625195,-6.388031663572966
8.059999999999873,-0.5033806042832735,0.30072782004137216,-4.220587255308935,-7.04833862733968
8.069999999999872,-0.5406472866022086,0.22729368060178673,-3.191336640777957,-7.569330685497356
8.079999999999872,-0.5672588691095812,0.1493714492588125,-2.099684453058091,-7.940887973786002
8.089999999999872,-0.5826961808147323,0.06849862506709155,-0.9671995148950452,-8.155850620214714
8.099999999999872,-0.5866606423799122,-0.013730828046816523,0.18378096176212422,-8.210153102923925
8.109999999999872,-0.5790797794584024,-0.0956979425638802,1.330592517941041,-8.102897361131195
8.119999999999871,-0.5601082769339653,-0.17579063051199273,2.450689789640031,-7.836363428736295
8.129999999999871,-0.5301245658187808,-0.2524353606364022,3.522089262724732,-7.415957592407693
8.139999999999871,-0.48972302234046644,-0.3241280079360708,4.523799758935126,-6.850099302604905
8.14999999999987,-0.4397019446145931,-0.38946327224256694,5.436232246194487,-6.150049262974444
8.15999999999987,-0.3810475545816943,-0.4471620926228627,6.241581005003036,-5.329682267573641
8.16999999999987,-0.31491434999028106,-0.4960965256119512,6.924168775471189,-4.405209424278761
8.17999999999987,-0.24260220164257995,-0.5353116067676649,7.4707492441078704,-3.3948553759700566
8.18999999999987,-0.16553065353846708,-0.5640437757340755,7.87076109073105,-2.3184969900933385
8.19999999999987,-0.08521093676993406,-0.5817355136721708,8.116528786320844,-1.1972707157512166
8.20999999999987,-0.0032162510339254907,-0.5880459171881364,8.203406392764135,-0.053156391994509056
8.21999999999987,0.07884910034949899,-0.5828570132595221,8.129861744076193,1.0914542792267297
8.229999999999869,0.15938111558020635,-0.5662757035348481,7.8974995634427465,2.2141961145436206
8.239999999999869,0.23680742482220768,-0.5386313121094293,7.511023268145082,3.293167103461643
8.249999999999869,0.3096179345954686,-0.5004687967782016,6.978136411632614,4.3073548210016455
8.259999999999868,0.37639419017899894,-0.45253776815910857,6.3093858853556615,5.237044317086438
8.269999999999868,0.4358368870633069,-0.39577754232989487,5.517950129724577,6.06419959427168
8.279999999999868,0.48679100044480295,-0.33129852915820046,4.619376662013433,6.772811330496717
8.289999999999868,0.5282680499014624,-0.26036032886048566,3.631274198920681,7.349204189113619
8.299999999999867,0.5594650737457797,-0.18434697215803458,2.572965514414712,7.782297870501557
8.309999999999867,0.5797799529613775,-0.10473979351957356,1.4651079131900404,8.063816981669577
8.319999999999867,0.5888227967864633,-0.023088471376646755,0.32928880278493566,8.18844581392848
8.329999999999867,0.586423179479035,0.05901919694949266,-0.8123956978552638,8.153925203830909
8.339999999999867,0.5726330990576951,0.13998819517261818,-1.9377708769296005,7.961089787723005
8.349999999999866,0.547725612264654,0.21824726122852475,-3.0250139014454227,7.6138451231545785
8.359999999999866,0.5121891840158977,0.29227933269324163,-4.053076293386875,7.119085318376847
8.369999999999866,0.4667178725566379,0.3606508756080625,-5.002090248829024,6.48655296156362
8.379999999999866,0.41219755182584616,0.42203953145412154,-5.853750982717258,5.728644252035268
8.389999999999866,0.3496884486093158,0.47525955144055526,-6.591667776096961,4.86016328534873
8.399999999999865,0.280404342472786,0.5192845318319964,-7.201677036132175,3.898030412643478
8.409999999999865,0.20568883987844755,0.5532670178369161,-7.672111439356334,2.8609504637817524
8.419999999999865,0.1269891891047341,0.5765546055278813,-7.994020099942259,1.7690473772913828
8.429999999999865,0.04582814858002415,0.5887022401356881,-8.161335669987954,0.6434724039336182
8.439999999999864,-0.03622554284176745,0.5894804834916184,-8.170985318799286,-0.4940064665219468
8.449999999999864,-0.11758751994070189,0.5788796019252127,-8.02294363248295,-1.6214258726441901
8.459999999999864,-0.19668838176874637,0.5571094070265367,-7.720226602480366,-2.7170510824032275
8.469999999999864,-0.2720039284588585,0.5245948637775932,-7.268827010093951,-3.7597944478233685
8.479999999999864,-0.34208446253191,0.4819675620615108,-6.677592641606215,-4.729620270998664
8.489999999999863,-0.40558259292886434,0.43005322690384845,-5.958049863623226,-5.607928331332354
8.499999999999863,-0.4612790106316196,0.3698555184704151,-5.124176129884464,-6.377908763767336
8.509999999999863,-0.5081057454713602,0.30253644340115105,-4.192125959209173,-7.024861556317097
8.519999999999863,-0.5451664637313237,0.22939376316594562,-3.1799158012465076,-7.536474640591836
8.529999999999863,-0.5717534244307048,0.15183584158225066,-2.1070739758694366,-7.903055367078027
8.539999999999862,-0.5873607775732231,0.07135442138525368,-0.9942625191648606,-8.117711071421326
8.549999999999862,-0.5916939588719722,-0.010504142089432664,0.1371217177926214,-8.176475430871541
8.559999999999862,-0.5846750111303124,-0.0921686341537314,1.265359001025496,-8.078378361957633
8.569999999999862,-0.5664437410972034,-0.17207314785469233,2.3688237395298533,-7.825458300928736
8.579999999999862,-0.5373547007051734,-0.24868708572102072,3.426398600129335,-7.422716816454587
8.589999999999861,-0.49797006160038587,-0.3205444220117128,4.417877792260541,-6.878016608235165
8.599999999999861,-0.4490485302564328,-0.3862716673033966,5.324351840543159,-6.201925024422321
8.60999999999986,-0.39153052623440365,-0.44461400386293487,6.128566545757203,-5.4075062645927225
8.61999999999986,-0.32651991688596327,-0.49445909692408385,6.815249355469219,-4.51006640389712
8.62999999999986,-0.2552626666617237,-0.5348581329777411,7.371397013410561,-3.526856259756325
8.63999999999986,-0.17912281697066457,-0.5650436905764555,7.786519118833943,-2.4767379085745964
8.64999999999986,-0.09955626216532261,-0.5844441108714571,8.052833088369786,-1.3798213318807278
8.65999999999986,-0.018082827790173797,-0.5926941029359819,8.16540695647212,-0.2570782168244834
8.66999999999986,0.06374281200746286,-0.5896413915628238,8.12224745800864,0.870059654735762
8.67999999999986,0.14436082058786798,-0.5753492912524574,7.924331888416189,1.9801097283602458
8.68999999999986,0.2222359214075798,-0.5500951680685138,7.575583312875808,3.0519478919422633
8.699999999999859,0.2958865911455703,-0.514364829437838,7.0827897755733,4.065209796013849
8.709999999999859,0.36391316929108763,-0.46884295931962106,6.45546922275643,5.000676671038608
8.719999999999859,0.4250243524732888,-0.4143997909961332,5.705682878864879,5.84063835613011
8.729999999999858,0.4780615741905793,-0.35207428063523977,4.847800784191379,6.569226713507593
8.739999999999858,0.5220208123398201,-0.2830541104123705,3.8982240972026494,7.172713190520543
8.749999999999858,0.5560714172202955,-0.20865290913335083,2.8750695681870386,7.639764994483635
8.759999999999858,0.5795716105047269,-0.13028512987470503,1.797822288498599,7.96165515097254
8.769999999999857,0.5920803699015442,-0.049439067208833704,0.6869633986171071,8.132422607888483
8.779999999999857,0.5933654836348012,0.032351469672010025,-0.4364201118627131,8.14897950820457
8.789999999999857,0.5834076321042556,0.11353628777671543,-1.5510360662665825,8.011163765345291
8.799999999999857,0.5624004297557087,0.19257819139659005,-2.635790608154238,7.7217361172513
8.809999999999857,0.5307464368488733,0.2679820567601876,-3.670186911251438,7.286321888488753
8.819999999999856,0.48904922700306164,0.33832305111187844,-4.634711568018749,6.713298734312634
8.829999999999856,0.43810167069178896,0.40227346495354815,-5.511201393219065,6.0136326566943135
8.839999999999856,0.3788706658506232,0.45862765404895606,-6.283183775269812,5.200665550922822
8.849999999999856,0.3124786131317504,0.5063246250536299,-6.936184232546673,4.289858444431637
8.859999999999856,0.24018199385078476,0.5444678445572343,-7.457995473649255,3.2984954102637163
8.869999999999855,0.16334746220956198,0.5723419050078286,-7.838903007292149,2.2453538609813775
8.879999999999855,0.08342590896298292,0.5894257413840409,-8.071863184385764,1.1503475416820519
8.889999999999855,0.0019249905027938358,0.5954021584260997,-8.152630465835363,0.034149032073960806
8.899999999999855,-0.07961935529992684,0.590163498465046,-8.079831677119946,-1.0822010713793428
8.909999999999854,-0.15967186769466424,0.573813353061825,-7.854986016348267,-2.1776908976014155
8.919999999999854,-0.23672685003658767,0.5466642963957308,-7.482470607140564,-3.2317324870574486
8.929999999999854,-0.30933644213448397,0.5092316932135593,-6.969432412006988,-4.224547997954984
8.939999999999854,-0.3761377481671091,0.4622237077593831,-6.325648326649358,-5.137539704057433
8.949999999999854,-0.43587831350418954,0.4065277110729869,-5.563336242031346,-5.953636886112298
8.959999999999853,-0.4874394763263914,0.34319335105157023,-4.696920771189632,-6.657613177405008
8.969999999999853,-0.5298571612743441,0.2734126114736595,-3.742758174789787,-7.2363685013371
8.979999999999853,-0.5623397316589481,0.1984972416489454,-2.718825768017352,-7.679170423818706
8.989999999999853,-0.5842825730769022,0.11985398646969385,-1.6443817379246595,-7.977850522330091
8.999999999999853,-0.5952791435130209,0.038958086527634495,-0.5396018331961072,-8.126952231721287
9.009999999999852,-0.5951282919849404,-0.04267445108806463,0.574800201994984,-8.123827547755123
9.019999999999852,-0.5838377182236205,-0.12351528922334082,1.677961298878635,-7.968680935541761
9.029999999999852,-0.5616235184531365,-0.20205237060264705,2.749259543930132,-7.664559783091656
9.039999999999852,-0.5289058356704508,-0.2768181659508533,3.7686991641468373,-7.217291741549431
9.049999999999851,-0.4863007055569566,-0.34641703335611707,4.717282842966154,-6.635370284525794
9.059999999999851,-0.43460825992306923,-0.40955118014089176,5.57736445415604,-5.929790780872783
9.069999999999851,-0.3747975170823226,-0.4650447461428873,6.3329756910337185,-5.113840290437871
9.07999999999985,-0.3079880515267602,-0.5118655638184009,6.970120578430397,-4.202845143936037
9.08999999999985,-0.23542889257531902,-0.5491441952500973,7.47703247486234,-3.2138811405182452
9.09999999999985,-0.1584750522468818,-0.576189898104428,7.844388890337129,-2.165451875866265
9.10999999999985,-0.07856212555513456,-0.5925032308429892,8.065480247302888,-1.0771412874901778
9.11999999999985,0.0028205590349721366,-0.5977850709371905,8.13632958312793,0.030753037847734976
9.12999999999985,0.08415773571796466,-0.5919418872652183,8.055761115667575,1.1375989150030712
9.13999999999985,0.16393642467259384,-0.5750871780144304,7.825416551535285,2.2228138846238634
9.14999999999985,0.24067405687531618,-0.547539056956384,7.449718991688378,3.2662476527015087
9.15999999999985,0.31294597809408264,-0.5098140425710698,6.9357852626834084,4.248555547851872
9.169999999999849,0.37941182285670005,-0.4626171748418457,6.293288456386821,5.15155609045612
9.179999999999849,0.43884027169424433,-0.4068286523228566,5.534273378427234,5.958566086903838
9.189999999999849,0.4901317364143255,-0.3434872460496441,4.672928469404414,6.654707102135169
9.199999999999848,0.5323385579422428,-0.27377080585081737,3.7253185570666316,7.2271777157720205
9.209999999999848,0.5646823486095441,-0.19897422755126445,2.70908350793942,7.665486620626176
9.219999999999848,0.586568164762106,-0.12048529547964254,1.643108460467961,7.961642364717144
9.229999999999848,0.5975952551774872,-0.039758852783053425,0.5471718277087503,8.110296354987378
9.239999999999847,0.5975641948984975,0.041710218363246704,-0.5584223528953307,8.108836617219492
9.249999999999847,0.5864802815031039,0.12241470399638367,-1.6532208787706537,7.957430725774503
9.259999999999847,0.5645531402809351,0.2008629391970212,-2.716999667771982,7.659017261509411
9.269999999999847,0.5321925549827982,0.27560634697800107,-3.73013687797465,7.2192461090373135
9.279999999999847,0.4900006104528954,0.3452661275479499,-4.673973989372359,6.646368847744027
9.289999999999846,0.43876030126098614,0.4085586074591201,-5.531158221192002,5.951081407316483
9.299999999999846,0.3794208251803901,0.46431878432730106,-6.2859600257670785,5.146322031197881
9.309999999999846,0.3130798408266123,0.5115216374585584,-6.924559881020928,4.247028404479323
9.319999999999846,0.24096302388341817,0.5493008171607425,-7.435299189227947,3.2698585415602603
9.329999999999846,0.16440130510489248,0.576964374944525,-7.80889076859624,2.232880680194082
9.339999999999845,0.08480621482118725,0.594007252291681,-8.038585183440526,1.1552379806905095
9.349999999999845,0.003643792256883105,0.6001203061429353,-8.120289983968192,0.056794272363659415
9.359999999999845,-0.07759245699167948,0.5951957136021524,-8.05263980252081,-1.0422325838673168
9.369999999999845,-0.15740905590630866,0.5793286653701608,-7.837016163183018,-2.121642942982172
9.379999999999844,-0.23433999717245332,0.5528153258685169,-7.47751678912744,-3.1616263800876814
9.389999999999844,-0.3069736267093097,0.5161471066287814,-6.9808751198102055,-4.143124644453288
9.399999999999844,-0.373978477550433,0.47000136704669815,-6.35633166114798,-5.048179927588405
9.409999999999844,-0.4341275827223867,0.41522872179894305,-5.615459669466593,-5.860262101740351
9.419999999999844,-0.4863208250404403,0.3528371959068975,-4.7719484983793645,-6.5645689924393045
9.429999999999843,-0.5296049190115354,0.28397352549083815,-3.8413487018774592,-7.148294263096447
9.439999999999843,-0.5631906645916397,0.20990195366236514,-2.8407836730922615,-7.600858101281837
9.449999999999843,-0.5864671635429771,0.13198091583420268,-1.7886331942117568,-7.914096593547734
9.459999999999843,-0.5990127456181701,0.05163804619039189,-0.7041947683988232,-8.082406445390903
9.469999999999843,-0.6006024127087459,-0.02965603349972895,0.39267100933985044,-8.102842530773716
9.479999999999842,-0.5912116733041797,-0.1104146606300584,1.481904515120478,-7.975166626167904
9.489999999999842,-0.5710167059288577,-0.1891623199433765,2.543613915765028,-7.701846581261728
9.499999999999842,-0.540390857438904,-0.26446157606048515,3.5584380402413482,-7.288006085789
9.509999999999842,-0.4998975489386631,-0.3349392593732187,4.507898693091251,-6.741326092801007
9.519999999999841,-0.4502797273992677,-0.3993114293708763,5.374736015026487,-6.071899836712893
9.529999999999841,-0.39244606364436724,-0.4564066631447493,6.143220826633814,-5.292044223714229
9.539999999999841,-0.32745415608109163,-0.5051872486514487,6.799438331070349,-4.416071157522812
9.54999999999984,-0.2564910533434633,-0.5447679017010649,7.331538092260337,-3.4600230809189307
9.55999999999984,-0.18085145692077842,-0.5744316718244892,7.7299458361449265,-2.441377650267052
9.56999999999984,-0.10191400601623661,-0.5936427542986739,7.987533332114191,-1.3787270050851694
9.57999999999984,-0.02111608059873009,-0.6020559826982453,8.099743386622379,-0.2914375381565786
9.58999999999984,0.06007241571071455,-0.5995228373397655,8.064667806788393,0.800703593919067
9.59999999999984,0.14017581407215696,-0.5860938687677434,7.88307705329411,1.8778487600655234
9.60999999999984,0.21773949288370786,-0.5620175008302501,7.558401183319323,2.9204503826357087
9.61999999999984,0.2913562573895364,-0.527735243713492,7.09666256951546,3.9096151603510276
9.62999999999984,0.35969180882090035,-0.4838734123532794,6.506361754050527,4.8274455791387
9.639999999999839,0.42150884333641814,-0.43123150874055177,5.798318641784565,5.65736255574447
9.649999999999839,0.4756893471841872,-0.37076748665197967,4.9854720384711575,6.384403421558952
9.659999999999838,0.5212546884312135,-0.3035801731899848,4.082641284194803,6.99548992015957
9.669999999999838,0.5573831466508743,-0.23088917221410102,3.1062544058247994,7.4796614527524214
9.679999999999838,0.5834245693566378,-0.15401261938986355,2.0740478032156857,7.828269450446826
9.689999999999838,0.5989118968383096,-0.07434319638813354,1.0047429818852858,8.035129469088186
9.699999999999838,0.6035693544189036,0.006677157920282756,-0.08229375864384258,8.096628377946622
9.709999999999837,0.5973171719521073,0.08758337913164703,-1.1674024834675143,8.011784833646338
9.719999999999837,0.5802727535109282,0.16691377778239752,-2.2309852553333545,7.782262080325574
9.729999999999837,0.5527482845289345,0.24323642926514402,-3.2538598100261007,7.4123329806803255
9.739999999999837,0.515244827981659,0.3151749771843149,-4.217604898794713,6.908798044628649
9.749999999999837,0.46844302437709373,0.38143338608213206,-5.104891093988817,6.280858067301377
9.759999999999836,0.41319057122625535,0.440819199725593,-5.899791136695445,5.539943800767486
9.769999999999836,0.35048671519898866,0.4922648893344652,-6.588064293368571,4.699505849839594
9.779999999999836,0.2814640433132489,0.5348469117111057,-7.157409674782124,3.7747686878896873
9.789999999999836,0.20736790731824434,0.5678021395366485,-7.597684045940428,2.7824533214004195
9.799999999999836,0.1295338570731294,0.5905413743381237,-7.9010803091208475,1.7404736809145478
9.809999999999835,0.04936349346806963,0.6026597059173889,-8.06226356191907,0.6676122716158206
9.819999999999835,-0.03170082131485526,0.6039435393884988,-8.078462404804434,-0.41681902880722066
9.829999999999835,-0.11220193910841601,0.5943741713495097,-7.949513984169588,-1.4933268900300818
9.839999999999835,-0.1906941185190845,0.5741278590221052,-7.677862092444017,-2.5425868954441233
9.849999999999834,-0.2657689644377756,0.543572389302299,-7.268508491440768,-3.545790060515357
9.859999999999834,-0.3360806494706106,0.5032602174426917,-6.7289184635357895,-4.484979298421955
9.869999999999834,-0.40036996664195196,0.4539183064069916,-6.068882412538253,-5.343369828874526
9.879999999999834,-0.4574867849363017,0.3964348567073262,-5.300336117646691,-6.1056478334744275
9.889999999999834,-0.5064105090620333,0.33184317171114514,-4.437142975856901,-6.758242069276473
9.899999999999833,-0.5462681816758752,0.26130295401291465,-3.494842237702744,-7.2895636536574635
9.909999999999833,-0.5763499095165442,0.18607937361783516,-2.4903678365579163,-7.69020981878586
9.919999999999833,-0.596121343662176,0.10752028759336416,-1.4417429225740084,-7.953128092122238
9.929999999999833,-0.6052329975564821,0.027032022837211594,-0.36775562990546806,-8.073738078383927
9.939999999999833,-0.6035262435706008,-0.05394584185806782,0.712378076890041,-8.050008785178996
9.949999999999832,-0.5910358886472812,-0.13396624160393364,1.7793584197274386,-7.882490235161972
9.959999999999832,-0.5679892909341688,-0.21160047771797155,2.814146526847848,-7.574298927654472
9.969999999999832,-0.5348020411527004,-0.28546369490998524,3.798303702885695,-7.131057537497308
9.979999999999832,-0.49207029366371086,-0.3542395297086409,4.714319213604144,-6.560790053730418
9.989999999999831,-0.44055989169135373,-0.4167034925230703,5.545920774107728,-5.8737743510536475
